/*
 Navicat Premium Data Transfer

 Source Server         : localhost
 Source Server Type    : MySQL
 Source Server Version : 50528
 Source Host           : localhost
 Source Database       : hdcms

 Target Server Type    : MySQL
 Target Server Version : 50528
 File Encoding         : utf-8

 Date: 12/06/2013 02:05:16 AM
*/

SET NAMES utf8;
SET FOREIGN_KEY_CHECKS = 0;

-- ----------------------------
--  Table structure for `hd_access`
-- ----------------------------
DROP TABLE IF EXISTS `hd_access`;
CREATE TABLE `hd_access` (
  `rid` smallint(5) unsigned NOT NULL,
  `nid` smallint(5) unsigned NOT NULL,
  KEY `gid` (`rid`),
  KEY `nid` (`nid`)
) ENGINE=MyISAM DEFAULT CHARSET=utf8;

-- ----------------------------
--  Table structure for `hd_bug`
-- ----------------------------
DROP TABLE IF EXISTS `hd_bug`;
CREATE TABLE `hd_bug` (
  `bid` int(10) unsigned NOT NULL AUTO_INCREMENT,
  `username` char(30) NOT NULL DEFAULT '' COMMENT '反馈者',
  `addtime` int(10) NOT NULL DEFAULT '0',
  `email` char(50) NOT NULL DEFAULT '',
  `content` varchar(255) NOT NULL COMMENT '反馈内容',
  `reply` varchar(100) NOT NULL DEFAULT '感谢您的反馈，你的问题已经处理!' COMMENT '解决后的回复内容',
  `type` enum('BUG反馈','功能建议') NOT NULL DEFAULT 'BUG反馈',
  `status` enum('未审核','处理中','已解决') NOT NULL DEFAULT '未审核' COMMENT '审核状态',
  PRIMARY KEY (`bid`)
) ENGINE=MyISAM DEFAULT CHARSET=utf8;

-- ----------------------------
--  Table structure for `hd_category`
-- ----------------------------
DROP TABLE IF EXISTS `hd_category`;
CREATE TABLE `hd_category` (
  `cid` smallint(5) unsigned NOT NULL AUTO_INCREMENT COMMENT '栏目ID',
  `pid` smallint(5) unsigned NOT NULL DEFAULT '0' COMMENT '父级ID',
  `catname` char(30) NOT NULL DEFAULT '' COMMENT '栏目名称',
  `catdir` varchar(100) DEFAULT NULL,
  `keyworks` varchar(200) NOT NULL DEFAULT '' COMMENT '栏目关键字',
  `description` varchar(200) NOT NULL DEFAULT '' COMMENT '栏目描述',
  `index_tpl` varchar(100) NOT NULL DEFAULT '' COMMENT '封面模板',
  `list_tpl` varchar(100) NOT NULL DEFAULT '' COMMENT '列表页模板',
  `arc_tpl` varchar(100) NOT NULL DEFAULT '' COMMENT '内容页模板',
  `is_cat_html` tinyint(1) NOT NULL DEFAULT '1' COMMENT '栏目生成Html',
  `is_arc_html` tinyint(1) NOT NULL DEFAULT '1' COMMENT '内容页生成Html\n\n',
  `list_html_url` varchar(200) NOT NULL DEFAULT '' COMMENT '栏目页URL规则\n\n',
  `arc_html_url` varchar(200) NOT NULL DEFAULT '' COMMENT '内容页URL规则',
  `mid` smallint(6) NOT NULL COMMENT '模型ID',
  `cattype` tinyint(1) NOT NULL DEFAULT '1' COMMENT '1 栏目  2 封面 3 外部链接',
  `urltype` tinyint(1) NOT NULL DEFAULT '1' COMMENT '1 静态访问 2 动态访问',
  `cat_redirecturl` varchar(100) NOT NULL DEFAULT '' COMMENT '跳转url',
  `catorder` smallint(5) unsigned DEFAULT '0' COMMENT '栏目排序',
  `cat_show` tinyint(1) DEFAULT '1' COMMENT 'channel标签调用时是否显示',
  PRIMARY KEY (`cid`)
) ENGINE=MyISAM AUTO_INCREMENT=5 DEFAULT CHARSET=utf8 COMMENT='栏目表';

-- ----------------------------
--  Records of `hd_category`
-- ----------------------------
BEGIN;
INSERT INTO `hd_category` VALUES ('1', '0', '互联网事', 'hulianwangshi', '', '', '{style}/article_index.html', '{style}/article_list.html', '{style}/article_default.html', '1', '1', '{catdir}/list_{cid}_{page}.html', '{catdir}/{y}/{m}{d}/{aid}.html', '1', '1', '1', '', '0', '1'), ('2', '0', '经验技巧', 'jingyanjiqiao', '', '', '{style}/article_index.html', '{style}/article_list.html', '{style}/article_default.html', '1', '1', '{catdir}/list_{cid}_{page}.html', '{catdir}/{y}/{m}{d}/{aid}.html', '1', '1', '1', '', '0', '1'), ('3', '0', '设计创意', 'shejichuangyi', '', '', '{style}/article_index.html', '{style}/article_list.html', '{style}/article_default.html', '1', '1', '{catdir}/list_{cid}_{page}.html', '{catdir}/{y}/{m}{d}/{aid}.html', '1', '1', '1', '', '0', '1'), ('4', '0', '最新消息', 'zuixinxiaoxi', '', '', '{style}/article_index.html', '{style}/article_list.html', '{style}/article_default.html', '1', '1', '{catdir}/list_{cid}_{page}.html', '{catdir}/{y}/{m}{d}/{aid}.html', '1', '1', '1', '', '0', '2');
COMMIT;

-- ----------------------------
--  Table structure for `hd_category_access`
-- ----------------------------
DROP TABLE IF EXISTS `hd_category_access`;
CREATE TABLE `hd_category_access` (
  `cid` smallint(5) unsigned NOT NULL DEFAULT '0' COMMENT '栏目cid',
  `mid` smallint(1) NOT NULL DEFAULT '0' COMMENT '模型mid',
  `issend` tinyint(1) NOT NULL DEFAULT '0' COMMENT '允许投稿 1允许 0 不允许',
  `isshow` tinyint(1) NOT NULL DEFAULT '0' COMMENT '允许访问 1 允许 0 不允许',
  `rid` smallint(5) unsigned NOT NULL DEFAULT '0' COMMENT '角色id'
) ENGINE=MyISAM DEFAULT CHARSET=utf8;

-- ----------------------------
--  Table structure for `hd_comment`
-- ----------------------------
DROP TABLE IF EXISTS `hd_comment`;
CREATE TABLE `hd_comment` (
  `comment_id` int(10) unsigned NOT NULL AUTO_INCREMENT COMMENT '评论mid',
  `aid` int(10) unsigned NOT NULL DEFAULT '0' COMMENT '文章aid',
  `cid` smallint(5) unsigned NOT NULL DEFAULT '0' COMMENT '栏目id\n1 基本配置\n2 ',
  `comment` text NOT NULL COMMENT '评论内容',
  `uid` int(11) NOT NULL COMMENT '用户名',
  `ip` char(15) NOT NULL DEFAULT '' COMMENT 'IP地址',
  `c_status` tinyint(1) NOT NULL DEFAULT '1' COMMENT '是否显示 1 显示  0 不显示',
  `addtime` int(11) NOT NULL DEFAULT '0' COMMENT '回复时间',
  `pid` int(11) DEFAULT '0' COMMENT '父级id',
  `path` varchar(255) DEFAULT '',
  PRIMARY KEY (`comment_id`)
) ENGINE=MyISAM AUTO_INCREMENT=7 DEFAULT CHARSET=utf8;

-- ----------------------------
--  Records of `hd_comment`
-- ----------------------------
BEGIN;
INSERT INTO `hd_comment` VALUES ('1', '1', '0', 'dsf', '1', '0.0.0.0', '1', '1386122930', '0', '0'), ('2', '1', '0', '我很喜欢这个', '1', '0.0.0.0', '1', '1386123795', '0', '0'), ('3', '1', '0', '再发一条！', '1', '0.0.0.0', '1', '1386123874', '0', '0'), ('4', '15', '0', '不错的设计', '1', '0.0.0.0', '1', '1386126072', '0', '0'), ('5', '7', '0', '櫉', '1', '0.0.0.0', '1', '1386127981', '0', '0'), ('6', '14', '0', '好文章呀！', '1', '0.0.0.0', '1', '1386129425', '0', '0');
COMMIT;

-- ----------------------------
--  Table structure for `hd_config`
-- ----------------------------
DROP TABLE IF EXISTS `hd_config`;
CREATE TABLE `hd_config` (
  `id` int(10) unsigned NOT NULL AUTO_INCREMENT,
  `name` varchar(45) NOT NULL DEFAULT '' COMMENT '配置名称\n',
  `value` text NOT NULL COMMENT '配置值',
  `groupid` enum('站点配置','高级设置','上传配置','模板风格','会员设置','邮箱配置','安全设置','其它设置','水印设置','内容相关') NOT NULL DEFAULT '站点配置' COMMENT '配置类型\n1 站点配置\n2 性能设置\n3 上传配置\n4 交互设置\n5 会员设置',
  `title` char(30) NOT NULL DEFAULT '',
  PRIMARY KEY (`id`)
) ENGINE=MyISAM AUTO_INCREMENT=151 DEFAULT CHARSET=utf8 COMMENT='系统配置';

-- ----------------------------
--  Records of `hd_config`
-- ----------------------------
BEGIN;
INSERT INTO `hd_config` VALUES ('1', 'webname', '后盾网-中国顶尖php培训机构', '站点配置', '网站名称'), ('2', 'icp', '京ICP备12048441号-3', '站点配置', 'ICP备案号'), ('3', 'htmldir', 'html', '站点配置', '静态html目录'), ('4', 'copyright', 'Copyright © 2012-2013 HDCMS 后盾网 版权所有', '站点配置', '网站版权信息'), ('5', 'keywords', 'php培训,php实训,后盾网', '站点配置', '网站关键词'), ('6', 'description', '后盾网顶尖PHP培训 内容全面 全程实战!业内顶级讲师亲自授课,千余课时独家视频教程免费下载,超百G原创视频资源,实力不容造假!010-64825057', '站点配置', '网站描述'), ('8', 'email', 'houdunwangxj@gmail.com', '站点配置', '管理员邮箱'), ('9', 'backup_dir', 'backup', '高级设置', '数据备份目录'), ('10', 'web_open', '1', '站点配置', '网站开关'), ('13', 'editor', 'ueditor', '高级设置', '编辑器'), ('15', 'auth_key', 'houdunwang.com', '安全设置', 'cookie加密KEY'), ('16', 'upload_path', 'upload', '上传配置', '上传目录'), ('17', 'upload_img_path', 'img', '上传配置', '上传图片目录'), ('18', 'allow_type', 'jpg,jpeg,png,bmp,gif', '上传配置', '允许上传文件类型'), ('19', 'allow_size', '2048000', '上传配置', '允许上传大小'), ('20', 'water_on', '0', '水印设置', '上传文件加水印'), ('114', 'WEB_STYLE', 'default', '模板风格', '模板风格'), ('115', 'member_verify', '0', '会员设置', '会员注册是否需要审核'), ('116', 'reg_show_code', '0', '会员设置', '会员注册是否显示验证码'), ('119', 'reg_email', '1', '会员设置', '注册成功是否发邮件'), ('120', 'reg_interval', '0', '会员设置', '2次注册间隔间间'), ('121', 'member_group', '4', '其它设置', '默认会员组'), ('122', 'ADMIN_LIST_ROW', '15', '高级设置', '后台列表页数据显示行数'), ('123', 'TOKEN_ON', '0', '安全设置', '表单使用令牌验证'), ('124', 'LOG_KEY', 'houdunwang.com', '安全设置', '日志文件加密KEY'), ('125', 'SESSION_NAME', 'hdsid', '安全设置', 'SESSION_NAME值'), ('126', 'SUPER_ADMIN_KEY', 'SUPER_ADMIN', '安全设置', '站长令牌名称'), ('127', 'tel', '010-64825057', '站点配置', '联系电话'), ('128', 'water_text', 'houdunwang.com', '水印设置', '水印文字'), ('129', 'water_text_size', '16', '水印设置', '文字大小'), ('130', 'WATER_IMG', './data/water/water.png', '水印设置', '水印图像'), ('131', 'WATER_PCT', '0', '水印设置', '水印图片透明度'), ('132', 'WATER_QUALITY', '90', '水印设置', '图片压缩比'), ('133', 'WATER_POS', '9', '水印设置', '水印位置'), ('134', 'DEL_CONTENT_MODEL', '2', '高级设置', '文章删除方式'), ('136', 'DOWN_REMOVE_PIC_SIZE', '500', '高级设置', '下载远程资源允许最大值'), ('137', 'COMMENT_STATUS', '1', '会员设置', '评论需要审核'), ('138', 'FAVICON_WIDTH', '180', '会员设置', '会员头像宽度'), ('139', 'FAVICON_HEIGHT', '180', '会员设置', '会员头像高度'), ('140', 'UPLOAD_IMG_MAX_WIDTH', '650', '高级设置', '图片超过这个尺寸进行缩放'), ('141', 'UPLOAD_IMG_MAX_HEIGHT', '650', '高级设置', '图片超过这个尺寸进行缩放'), ('142', 'down_remote_pic', '0', '内容相关', '下载远程图片'), ('143', 'auto_desc', '1', '内容相关', '截取内容为摘要'), ('144', 'auto_thumb', '0', '内容相关', '提取内容图片为缩略图'), ('145', 'UPLOAD_IMG_MAX_WIDTH', '2000', '内容相关', '上传图片宽度超过此值，进行缩放'), ('146', 'UPLOAD_IMG_MAX_HEIGHT', '2000', '内容相关', '上传图片高度超过此值，进行缩放'), ('147', 'MEMBER_CONTENT_STATUS', '1', '会员设置', '会员发表文章需要审核'), ('148', 'DEFAULT_USER_GROUP', '2', '会员设置', '新注册会员初始组'), ('149', 'member_open', '1', '会员设置', '会员中心'), ('150', 'web_close_message', '网站暂时关闭，请稍候访问', '站点配置', '网站关闭提示信息');
COMMIT;

-- ----------------------------
--  Table structure for `hd_content`
-- ----------------------------
DROP TABLE IF EXISTS `hd_content`;
CREATE TABLE `hd_content` (
  `aid` int(10) unsigned NOT NULL AUTO_INCREMENT COMMENT '主键',
  `title` char(60) NOT NULL DEFAULT '' COMMENT '标题',
  `new_window` tinyint(1) NOT NULL DEFAULT '0' COMMENT '新窗口打开',
  `thumb` char(200) NOT NULL DEFAULT '' COMMENT '缩略图',
  `click` mediumint(9) NOT NULL DEFAULT '0' COMMENT '点击次数',
  `source` char(30) NOT NULL DEFAULT '' COMMENT '来源',
  `redirecturl` char(100) NOT NULL DEFAULT '' COMMENT '转向链接',
  `allowreply` tinyint(1) NOT NULL DEFAULT '1' COMMENT '是否允许回复',
  `author` char(45) NOT NULL DEFAULT '' COMMENT '作者',
  `addtime` int(10) NOT NULL DEFAULT '0' COMMENT '添加时间',
  `updatetime` int(10) NOT NULL DEFAULT '0' COMMENT '发布时间 ',
  `color` char(7) NOT NULL DEFAULT '' COMMENT '标题颜色\n',
  `template` varchar(255) NOT NULL DEFAULT '' COMMENT '模板\n',
  `ishtml` tinyint(1) NOT NULL DEFAULT '1',
  `username` char(20) NOT NULL DEFAULT '',
  `arc_sort` smallint(5) unsigned NOT NULL DEFAULT '0',
  `status` tinyint(1) NOT NULL DEFAULT '1' COMMENT '1 正常  2 回收站',
  `cid` smallint(6) NOT NULL DEFAULT '0',
  `url` char(100) NOT NULL COMMENT 'url地址',
  PRIMARY KEY (`aid`)
) ENGINE=MyISAM AUTO_INCREMENT=19 DEFAULT CHARSET=utf8;

-- ----------------------------
--  Records of `hd_content`
-- ----------------------------
BEGIN;
INSERT INTO `hd_content` VALUES ('1', ' Mozilla Firefox 25.0 Beta 9 发布', '0', 'upload/Content/2013/12/04/93371386120624.jpg', '20', '后盾网-中国顶尖php培训机构', '', '1', '', '1386120623', '1386120608', '', '', '1', 'admin', '0', '1', '1', 'html/hulianwangshi/2013/124/1.html'), ('2', '或许很受用：苹果、谷歌和亚马逊等公司的14个怪异面试题', '0', 'upload/Content/2013/12/04/81791386120655.jpg', '100', '后盾网-中国顶尖php培训机构', '', '1', '', '1386120654', '1386120634', '', '', '1', 'admin', '0', '1', '1', 'html/hulianwangshi/2013/124/2.html'), ('3', ' 谷歌15岁了，另附Google历年生日Doodle', '0', 'upload/Content/2013/12/04/26991386120672.jpg', '100', '后盾网-中国顶尖php培训机构', '', '1', '', '1386120672', '1386120658', '', '', '1', 'admin', '0', '1', '1', 'html/hulianwangshi/2013/124/3.html'), ('4', '跨平台打造移动原生应用的10大武器', '0', 'upload/Content/2013/12/04/98621386120686.jpg', '100', '后盾网-中国顶尖php培训机构', '', '1', '', '1386120685', '1386120674', '', '', '1', 'admin', '0', '1', '1', 'html/hulianwangshi/2013/124/4.html'), ('5', '一个时代即将结束：微软CEO鲍尔默宣布将在一年内退休', '0', 'upload/Content/2013/12/04/25001386120714.jpg', '100', '后盾网-中国顶尖php培训机构', '', '1', '', '1386120711', '1386120703', '', '', '1', 'admin', '0', '1', '1', 'html/hulianwangshi/2013/124/5.html'), ('6', '可以从CSS框架中借鉴到什么', '0', 'upload/Content/2013/12/04/21491386121101.jpg', '102', '后盾网-中国顶尖php培训机构', '', '1', '', '1386121099', '1386121050', '', '', '1', 'admin', '0', '1', '2', 'html/jingyanjiqiao/2013/124/6.html'), ('7', '浮动条的细节思考', '0', 'upload/Content/2013/12/04/67781386121121.jpg', '100', '后盾网-中国顶尖php培训机构', '', '1', '', '1386121120', '1386121103', '', '', '1', 'admin', '0', '1', '2', 'html/jingyanjiqiao/2013/124/7.html'), ('8', '经验分享：响应式排版中的基础知识', '0', 'upload/Content/2013/12/04/39481386121146.jpg', '101', '后盾网-中国顶尖php培训机构', '', '1', '', '1386121145', '1386121132', '', '', '1', 'admin', '0', '1', '2', 'html/jingyanjiqiao/2013/124/8.html'), ('9', ' PS神技GET√ 你百分百不知道的四大PS技巧', '0', 'upload/Content/2013/12/04/13701386121172.jpg', '101', '后盾网-中国顶尖php培训机构', '', '1', '', '1386121172', '1386121152', '', '', '1', 'admin', '0', '1', '2', 'html/jingyanjiqiao/2013/124/9.html'), ('10', ' 23个优秀的HTML5/CSS3教程', '0', 'upload/Content/2013/12/04/41811386121195.jpg', '100', '后盾网-中国顶尖php培训机构', '', '1', '', '1386121194', '1386121181', '', '', '1', 'admin', '0', '1', '2', 'html/jingyanjiqiao/2013/124/10.html'), ('11', '圆形风格的移动应用实例', '0', 'upload/Content/2013/12/04/32091386121258.jpg', '100', '后盾网-中国顶尖php培训机构', '', '1', '', '1386121257', '1386121226', '', '', '1', 'admin', '0', '1', '3', 'html/shejichuangyi/2013/124/11.html'), ('12', '超级面包屑的分面查找', '0', 'upload/Content/2013/12/04/40301386121284.png', '100', '后盾网-中国顶尖php培训机构', '', '1', '', '1386121283', '1386121267', '', '', '1', 'admin', '0', '1', '3', 'html/shejichuangyi/2013/124/12.html'), ('13', ' 沟通的力量', '0', 'upload/Content/2013/12/04/40491386121309.jpg', '100', '后盾网-中国顶尖php培训机构', '', '1', '', '1386121308', '1386121293', '', '', '1', 'admin', '0', '1', '3', 'html/shejichuangyi/2013/124/13.html'), ('14', '再见，差不多先生', '0', 'upload/Content/2013/12/04/16681386121339.png', '102', '后盾网-中国顶尖php培训机构', '', '1', '', '1386121338', '1386121318', '', '', '1', 'admin', '0', '1', '3', 'html/shejichuangyi/2013/124/14.html'), ('15', ' 先忘记栅格吧！你应掌握的11个创新布局技法', '0', 'upload/Content/2013/12/04/30491386121364.jpg', '104', '后盾网-中国顶尖php培训机构', '', '1', '', '1386121363', '1386121353', '', '', '1', 'admin', '0', '1', '3', 'html/shejichuangyi/2013/124/15.html'), ('18', 'HDCMS公开测试版发布了！', '0', '', '102', '后盾网-中国顶尖php培训机构', '', '1', '', '1386124168', '1386124104', '', '', '1', 'admin', '0', '1', '4', 'html/zuixinxiaoxi/2013/124/18.html');
COMMIT;

-- ----------------------------
--  Table structure for `hd_content_data`
-- ----------------------------
DROP TABLE IF EXISTS `hd_content_data`;
CREATE TABLE `hd_content_data` (
  `aid` int(10) unsigned NOT NULL DEFAULT '0' COMMENT '文章主表ID',
  `keywords` char(45) NOT NULL DEFAULT '' COMMENT '关键字',
  `description` varchar(255) NOT NULL DEFAULT '' COMMENT '描述',
  `content` text COMMENT '正文',
  `title1` char(255) NOT NULL DEFAULT '',
  `title1sdf` char(255) NOT NULL DEFAULT '',
  `nametc` varchar(255) NOT NULL DEFAULT '',
  KEY `aid` (`aid`)
) ENGINE=MyISAM DEFAULT CHARSET=utf8;

-- ----------------------------
--  Records of `hd_content_data`
-- ----------------------------
BEGIN;
INSERT INTO `hd_content_data` VALUES ('1', '今天,官方,已经,出了,版本,下载,链接,各位,赶快', '今天Mozilla官方的FTP上已经放出了Firefox 25.0 Beta 9 版本的下载链接，各位赶快下载体验吧。更新日志：新增：查找工具栏不再在标签间共用变化：如果数月没有使用Firefox，将提供从其他浏览器迁移历史记录和设置的选项变化：重置Firefox，将不再清除浏览会话开发者：使用CSS3 background-attachment:local support 来控制背景滚动开发者：', '<p style=\"text-align: center;\"><a href=\"http://localhost/hdcms/upload/Content/2013/12/04/28101386120624.jpg\" target=\"_blank\"><img src=\"http://localhost/hdcms/upload/Content/2013/12/04/28101386120624.jpg\"/></a></p><p>今天Mozilla官方的FTP上已经放出了Firefox 25.0 Beta 9 版本的下载链接，各位赶快下载体验吧。</p><p></p><p><strong>更新日志：</strong></p><p></p><ul class=\" list-paddingleft-2\"><li><p>新增：查找工具栏不再在标签间共用</p></li><li><p>变化：如果数月没有使用Firefox，将提供从其他浏览器迁移历史记录和设置的选项</p></li><li><p>变化：重置Firefox，将不再清除浏览会话</p></li><li><p>开发者：使用CSS3 background-attachment:local support 来控制背景滚动</p></li><li><p>开发者：实现众多新的 ES6 功能</p></li><li><p>HTML5：可以内部指定iframe文档内容</p></li><li><p>修复：打开新标签时空白或者缺失网页缩略图的问题</p></li></ul><div id=\"xunlei_com_thunder_helper_plugin_d462f475-c18e-46be-bd10-327458d045bd\"></div>', '', '', ''), ('2', '大多数,人的,一生,都会,好几,甚至,更多,工作,每次', '大多数人的一生都会换好几份甚至更多份工作，但每次换工作都是希望能有一个好的起点和薪酬，但能提供这样条件的大都是大公司，而这些大公司一般来说在面试中都会问一两个比较奇怪的问题，如果你之前表现还算可以，这个时候再抓住所提的怪异问题，或许就能够打动面试官。那如何做好“战前”准备？那就要不打无准备之仗，就要事前看一些怪异的开放式面试题，而今天国外媒体BusinessInsider也正好发表了相关的文章——', '<p style=\"text-align:center;\"><a href=\"http://localhost/hdcms/upload/Content/2013/12/04/28091386120655.jpg\" target=\"_blank\"><img src=\"http://localhost/hdcms/upload/Content/2013/12/04/28091386120655.jpg\"/></a></p><p>大多数人的一生都会换好几份甚至更多份工作，但每次换工作都是希望能有一个好的起点和薪酬，但能提供这样条件的大都是大公司，而这些大公司一般来说在面试中都会问一两个比较奇怪的问题，如果你之前表现还算可以，这个时候再抓住所提的怪异问题，或许就能够打动面试官。</p><p>那如何做好“战前”准备？那就要不打无准备之仗，就要事前看一些怪异的开放式面试题，而今天国外媒体BusinessInsider也正好发表了相关的文章——《14个苹果、谷歌和亚马逊的怪异开放式面试题》，值此之际我们就一起看看这些怪异的开放式面试题吧。</p><div id=\"xunlei_com_thunder_helper_plugin_d462f475-c18e-46be-bd10-327458d045bd\"></div>', '', '', ''), ('3', '今天,谷歌,生日,首页,如期,换了,一个,新的,蛋糕', '今天是谷歌15 岁的生日，Google首页如期换了一个新的生日Doodle，蛋糕上面标有 15 字样的蜡烛。此次Doodle还是一个基于 HTML5 的敲糖果小游戏。（最新破解）Google 15 岁生日 Doodle（2013年9月27日）有关Google生日的确切日期，有过多次变更，想必两位创始人也比较纠结（从下方历年生日Doodle和庆祝日期也能看出来）。Google.com 域名注册于19', '<p>今天是谷歌15 岁的生日，<a href=\"http://www.google.com/\" target=\"_blank\">Google首页</a>如期换了一个新的<strong>生日Doodle</strong>，蛋糕上面标有 15 字样的蜡烛。此次Doodle还是一个基于 HTML5 的敲糖果小游戏。（<a href=\"http://www.w3cfuns.com/article-5598693-1-1.html\"><strong><span style=\"color:#f00000\">最新破解</span></strong></a>）</p><p style=\"text-align:center;\"><img src=\"http://localhost/hdcms/upload/Content/2013/12/04/68611386120673.jpg\"/></p><p>Google 15 岁生日 Doodle（2013年9月27日）</p><p>有关Google生日的确切日期，有过多次变更，想必两位创始人也比较纠结（从下方历年生日Doodle和庆祝日期也能看出来）。</p><ol class=\" list-paddingleft-2\"><li><p>Google.com 域名注册于1997年9月15日，</p></li><li><p>Google 在1998年9月4日提交注册文件，</p></li><li><p>在 3 天后的9月7日成立公司，</p></li><li><p>在历年生日中，还有过在 9月8日、9月26日庆祝的，</p></li><li><p>最终Google官方追溯选定1998年9月27日作为其生日。（在<a href=\"http://en.wikipedia.org/wiki/September_27\" target=\"_blank\">维基百科</a>这个页面 Ctrl + F 查找“Google”，可找到对应内容）</p></li></ol><div id=\"xunlei_com_thunder_helper_plugin_d462f475-c18e-46be-bd10-327458d045bd\"></div>', '', '', ''), ('4', '编译,工具,开发者,影响,直观,使用,等语言,写出,用的', '编译工具对开发者的影响是直观的，开发者使用JavaScript等语言写出应用的代码，再将它们编译成原生代码。通过原生的API，完成跨平台的\r\n操作，最终分发到本地的应用商店中。由此可见，编译工具的选择可以直接降低开发成本，整个团队可以间接地快速捕捉市场、提高收益。今天我们为大家介绍了\r\n10款主流的原生转换编译工具，开发者们可以根据不同的特点来选取，提高自己编程的效率。1.Adobe Air', '<p>编译工具对开发者的影响是直观的，开发者使用JavaScript等语言写出应用的代码，再将它们编译成原生代码。通过原生的API，完成跨平台的\r\n操作，最终分发到本地的应用商店中。由此可见，编译工具的选择可以直接降低开发成本，整个团队可以间接地快速捕捉市场、提高收益。今天我们为大家介绍了\r\n10款主流的原生转换编译工具，开发者们可以根据不同的特点来选取，提高自己编程的效率。</p><p><a href=\"http://get.adobe.com/cn/air/\" target=\"_blank\"><strong>1.Adobe Air</strong></a></p><p style=\"text-align:center;\"><a href=\"http://cms.csdnimg.cn/article/201309/16/5236de8fd9061.jpg\" target=\"_blank\"><img src=\"http://localhost/hdcms/upload/Content/2013/12/04/60121386120687.jpg\"/></a></p><div id=\"xunlei_com_thunder_helper_plugin_d462f475-c18e-46be-bd10-327458d045bd\"></div>', '', '', ''), ('5', '摘要,或许,沉寂,太久,微软,今天,突然,爆出,重磅', '摘要：或许沉寂了太久，微软在今天突然爆出重磅消息其CEO Steve Ballmer将会在一年内退休，而由微软董事会成立的委员会将会在这段时间寻找到继任者，该消息公布后微软股价大涨。然而未来的接班人是谁，会是诺基亚CEO吗？北京时间8月23日夜，微软在其官网上发表新闻称，微软首席执行官Steve Ballmer将在12个月内退休。微软在这篇《微软CEO Steve Ballmer将在12个月内退休', '<p><strong>摘要：</strong>或许沉寂了太久，微软在今天突然爆出重磅消息其CEO Steve Ballmer将会在一年内退休，而由微软董事会成立的委员会将会在这段时间寻找到继任者，该消息公布后微软股价大涨。然而未来的接班人是谁，会是诺基亚CEO吗？</p><p style=\"text-align: center;\"><a href=\"http://localhost/hdcms/upload/Content/2013/12/04/62191386120715.jpg\" target=\"_blank\"><img src=\"http://localhost/hdcms/upload/Content/2013/12/04/62191386120715.jpg\"/></a></p><p>北京时间8月23日夜，微软在其官网上发表新闻称，微软首席执行官Steve Ballmer将在12个月内退休。</p><p>微软在这篇《<a href=\"http://www.microsoft.com/en-us/news/press/2013/aug13/08-23AnnouncementPR.aspx\" target=\"_blank\">微软CEO Steve Ballmer将在12个月内退休</a>》新闻中表示，其首席执行官Steve Ballmer已决定将在12个月内退休，尤其是当新的首席执行官人选确定，他就会立马选择退休，另外在此过渡阶段，Steve Ballmer仍将担任微软首席执行官，并继续带领微软向设备和服务公司转型。</p><p>目前微软已成立由微软董事会组成的特别委员会，其成员包括微软董事会主席比尔·盖茨，不过该委员会负责人却由微软独立董事John Thompson担任。另外，在这篇新闻稿中还透露，对于未来新首席执行官，他们将同时考虑微软内部和外部的候选人。</p><div id=\"xunlei_com_thunder_helper_plugin_d462f475-c18e-46be-bd10-327458d045bd\"></div>', '', '', ''), ('6', '现在,很多人,使用,框架,进行,快速,建站,是什么,通常', '现在很多人会使用 CSS 框架进行快速建站。那 CSS 框架是什么呢，它通常是一些 CSS 文件的集合，这些文件包括基本布局、表单样式、网格、简单组件、以及样式重置。使用 CSS 框架大大降低工作成本进行快速建站。当然对于一些大型的项目，可能会很难照搬某些框架直接使用的，因为直接使用会带来一些限制或者冗余的问题。但在 CSS 框架已经日趋成熟的今天', '<p style=\"text-align:center;\"><img src=\"http://localhost/hdcms/upload/Content/2013/12/04/70391386121101.jpg\" height=\"360\" width=\"630\"/></p><p>现在很多人会使用 CSS&nbsp;框架进行快速建站。<br/>那 CSS&nbsp;框架是什么呢，它通常是一些 CSS&nbsp;文件的集合，这些文件包括基本布局、表单样式、网格、简单组件、以及样式重置。使用 CSS&nbsp;框架大大降低工作成本进行快速建站。</p><p>当然对于一些大型的项目，可能会很难照搬某些框架直接使用的，因为直接使用会带来一些限制或者冗余的问题。</p><p>但在 CSS&nbsp;框架已经日趋成熟的今天，在我们设计项目架构、规范的时候，现时市面上一些优秀的框架也可以给我们提供很多可借鉴的地方。</p>', '', '', ''), ('7', '顾名思义,浮动,是在,页面,一定,轨迹,表现形式,不再,固定', '-顾名思义，浮动条是在页面沿一定轨迹浮动的表现形式。不\r\n再固定在某一指定位置，而是随鼠标拖动而动，巧妙的设计会使得在不妨碍网友浏览的同时，满足其增加曝光率的需求。其特殊的表现形式与传统的形式相比更能聚\r\n集网络访客的眼球，使得其影响力更深三尺。但是过度的曝光不加思考的一味所有页面都用浮动条或者叠加大量功能入口，有可能造成用户使用上的视觉干扰和产生\r\n厌烦的心理。可用于浮动条上的功能主要有：回到顶', '<p style=\"text-align:center;\"><img src=\"http://localhost/hdcms/upload/Content/2013/12/04/48221386121122.jpg\" alt=\"\" height=\"379\" width=\"600\"/></p><p>-顾名思义，浮动条是在页面沿一定轨迹浮动的表现形式。</p><p>不\r\n再固定在某一指定位置，而是随鼠标拖动而动，巧妙的设计会使得在不妨碍网友浏览的同时，满足其增加曝光率的需求。其特殊的表现形式与传统的形式相比更能聚\r\n集网络访客的眼球，使得其影响力更深三尺。但是过度的曝光不加思考的一味所有页面都用浮动条或者叠加大量功能入口，有可能造成用户使用上的视觉干扰和产生\r\n厌烦的心理。</p><p>可用于浮动条上的功能主要有：回到顶部、在线客服、用户反馈/调查问卷、分享</p><ol class=\" list-paddingleft-2\"><li><p><strong>回到顶部</strong>可以帮助访客在浏览页面时，尤其是页面底部没有导航的网页，重新找到导航，或者重温一遍网页。主要用于页面比较长，需要回到顶部进行一些操作。</p></li><li><p><strong>在线客服</strong>是基于网页的即时通讯工具,它不需要安装任何软件,只需要在浏览器窗口就可以进行实时交谈。常出现在用户在流程中比较容易产生疑问的页面。</p></li><li><p><strong>用户反馈/调查问卷</strong>是想倾听用户对网站或业务的想法和期望，使用这些信息来改善最常使用的产品和服务，解决用户在使用中的问题，更优化的实现用户期望。用于新业务上线，改版，AB testing…</p></li><li><p><strong>分享</strong>功能使浏览者可以方便的将网页分享到一系列SNS站点。通过分享按钮，网页将更容易被百度搜索引擎所发现，从而有机会带回更多的流量。同时也可以增加互动，拉近网民与网站的距离。常出现在活动页面，产品详情页，特色版块等。</p></li></ol><p>综合携程网站现状，我的建议是：</p><p>全站首页和机票、酒店、高铁频道首页都比较短，内容较密集。用户还在建立网站印象阶段。不建议放任何浮层。</p><p>度假的首页及二级页面都比较长，且底部也无导航。建议增加“回到顶部”，可以帮助用户浏览。</p><p>惠选、团购等携程的活动版块及特色产品。建议增加“分享按钮”，吸引用户，增加网站流量。</p><p>预订流程中各个功能的使用大致如下图：</p><p><a href=\"http://localhost/hdcms/upload/Content/2013/12/04/1421386121122.png\" target=\"_blank\"><img src=\"http://localhost/hdcms/upload/Content/2013/12/04/1421386121122.png\"/></a></p><p>目前网上的浮动视觉样式、位置并不统一，也没有任何的逻辑。看了一下其他的网站，也大多如此。</p><p><a href=\"http://localhost/hdcms/upload/Content/2013/12/04/12881386121123.png\" target=\"_blank\"><img src=\"http://localhost/hdcms/upload/Content/2013/12/04/12881386121123.png\"/></a><a href=\"http://localhost/hdcms/upload/Content/2013/12/04/50001386121123.png\" target=\"_blank\" style=\"line-height: 1.8em;\"><img src=\"http://localhost/hdcms/upload/Content/2013/12/04/50001386121123.png\"/></a><a href=\"http://localhost/hdcms/upload/Content/2013/12/04/20281386121124.png\" target=\"_blank\" style=\"line-height: 1.8em;\"><img src=\"http://localhost/hdcms/upload/Content/2013/12/04/20281386121124.png\"/></a></p><p><a href=\"http://localhost/hdcms/upload/Content/2013/12/04/23131386121124.png\" target=\"_blank\"><img src=\"http://localhost/hdcms/upload/Content/2013/12/04/23131386121124.png\"/></a><a href=\"http://localhost/hdcms/upload/Content/2013/12/04/50251386121126.png\" target=\"_blank\" style=\"line-height: 1.8em;\"><img src=\"http://localhost/hdcms/upload/Content/2013/12/04/50251386121126.png\"/></a></p><p>我个人比较赞同的浮层设计是<strong>全站统一，局部变化</strong>。不要各个页面都杂乱无章，也不要完全一味的追求所有页面功能设计一模一样。</p><p>综合研究发现，我定义的浮层规则是：</p><ul class=\" list-paddingleft-2\"><li><p><strong>回到顶部</strong></p></li></ul><p>业务相关页面：当业务相关的版块页面长度超过两屏，则显示浮层。</p><p>流程相关页面：需要用户回到页首进行操作功能的，页面长度超过两屏的，显示浮层。</p><ul class=\" list-paddingleft-2\"><li><p><strong>在线客服</strong></p></li></ul><p>业务相关页面：当特色业务相关的版块上线时，用户需要培养习惯时，则显示。</p><p>流程相关页面：用户在操作过程中容易产生疑惑，错误的页面，显示。</p><ul class=\" list-paddingleft-2\"><li><p><strong>用户反馈/调查问卷</strong></p></li></ul><p>业务相关页面：当特色业务相关的版块上线、改版时，则显示。</p><p>流程相关页面：需要用户进行复杂操作过程的页面，显示。</p><ul class=\" list-paddingleft-2\"><li><p><strong>分享</strong></p></li></ul><p>业务相关页面：特色业务版块、具体的产品、网站促销活动时，则显示。</p><p>流程相关页面：不需要。</p><ul class=\" list-paddingleft-2\"><li><p>&nbsp;&nbsp;&nbsp;<strong>&nbsp;补充规则（也是我认为最重要的一点）：</strong></p></li></ul><p>整个浮层功能不能影响用户的正常浏览习惯。</p>', '', '', ''), ('8', '我们,建立,站的,时候,一般,定义,正文,开始,显示', 'Arrietty：当我们建立网站的时候，我们一般从定义正文开始。正文的定义显示了你的主栏有多宽，其它几栏的大小就随它自己内容定义了。直到最近，各种屏幕分辨率或多或少是同质化的。如今，我们要处理各种屏幕尺寸和分辨率。这让处理变得更复杂。在重整旗鼓的热情中，我写了一篇关于响应式排版的博客，这篇文章主要专注于我们最近的实验：响应式字体。如果不知道IA的历史，你可能会错过我们新启动的网站中的响应式排版和设', '<p style=\"text-align:center;\"><img src=\"http://localhost/hdcms/upload/Content/2013/12/04/89341386121146.jpg\" width=\"662\"/></p><p><br/></p><p>Arrietty：当我们建立网站的时候，我们一般从定义正文开始。正文的定义显示了你的主栏有多宽，其它几栏的大小就随它自己内容定义了。直到最近，各种屏幕分辨率或多或少是同质化的。如今，我们要处理各种屏幕尺寸和分辨率。这让处理变得更复杂。</p><p>在重整旗鼓的热情中，我写了一篇关于响应式排版的博客，这篇文章主要专注于我们最近的实验：响应式字体。如果不知道IA的历史，你可能会错过我们新启动的网站中的响应式排版和设计的一些关键点。我决定从头做起，一步一步解释响应式排版，而不是整理所有文章。以下是第一步。</p><p style=\"text-align:center;\"><img src=\"http://localhost/hdcms/upload/Content/2013/12/04/58111386121147.png\"/></p><p>为了防止给每个可能的屏幕尺寸做不同的层级设计，很多网页设计师会采用响应式网站的概念。一言以蔽之，这是一种网页布局会自动适应屏幕尺寸的概念。有很多种方法可以定义这种概念。我喜欢用这种方法：</p><p>适\r\n应性布局：按步骤调整布局适应有限数量的屏幕尺寸。流体性布局：不断地调整布局以适应每一种可能的宽度。两种方式都有优势和劣势，我们相信布局适应于很少\r\n的合理变化位置是我们要采用的方法，因为可读性比布局宽度随时和窗口一样宽来得重要。这是不是一个复杂的问题它本身就值得商榷，但是最优的可读性需要在文\r\n字尺寸上一定数量的控制（栏宽），就此看来，流体式布局会产生更多问题。</p><p style=\"text-align:center;\"><img src=\"http://localhost/hdcms/upload/Content/2013/12/04/24661386121147.png\" height=\"283\" width=\"662\"/></p><p>提\r\n示：响应式设计已经包含了很多宏观排版问题（文字大小、行高、栏宽）。于是响应式设计已然在很多方面包含了响应式排版。在我们自己网站上第一次发表关于响\r\n应式字体的文章主要针对我们使用的”阶段字体”。我想要在下一篇说说关于阶段的东西，现在要快速在屏幕上进入响应式宏观排版的问题。</p><h4>选择一种字体</h4><p>迟早，你需要决定哪种字体是你想要用的。你选择一种字体主要是色调上的问题，但是，因为每一款字体都有它自己的品质，都需要（或禁止）一定的处理，字体的选择会产生很多视觉和技术上的结果。网页字体有非常多种可以选择，所以选择一种适合的字体是另外一种考验。</p><p>我\r\n们通过为自己的网站设计字体来试验阶段性字体。我们选择了一种衬线字体因为它适合我们的色调，同时映射出我们内容的提炼。我们为IA \r\nWRITER选择了一款等宽字体。因为我们程序的首要目的是帮你得到第一手的草稿，我们尤其选择了nitti字体，一款让你同时觉得很有力但是很细致的字\r\n体。使用等宽字体的决定也是因为第一个ipad的系统不自动紧排比例字体。我们即刻决定使用等宽字体，而不是使用比例字体以至渲染效果很差。</p><h4>有衬线字体还是无衬线字体</h4><p>通\r\n常的选择会在有衬线字体和无衬线字体之间。这本身是一个很复杂的问题,但是这里有一个简单的经验法则可以帮你：有衬线字体是一个牧师，无衬线字体是一个黑\r\n客。没有一个比另外一个好，但是，因为各种各样的原因，有衬线字体有更独裁的痕迹，而无衬线字体感觉更民主。记住，这是被包裹在两条懒散的线里面的五千年\r\n的排版历史，，所以，不要太在意。</p><p>很多的人仍然认为在屏幕上的排版的问题，＂衬线或无衬线＂这个问题本身解答了它自己。事实上，没那么简\r\n单。有别于一般的理念，如果你选择大于12号的字体，有衬线和无衬线字体可以表现得一样好。小于12号的有衬线字体渲染得不够锐利，但是（同时，这点带领\r\n我们进入第二点）在现代的显示器上，12号字体绝对太小了。</p><h4>什么尺寸？</h4><p>你的正文字体不是取决于你自己的个人喜好，它取决于阅读距离。因为一般的屏幕离人会比书本远一点，台式机字体的大小要比印刷的大一些。</p><p>下面的图案显示了，当你的正文字体离你的身体越远，需要的字体更大。两个黑色的和两个红色的A有一样的度量尺寸。但是因为右边的一副被拿在更远的位子，感受到的尺寸会更小。右边红色的A和左边黑色的A在感受上一样的尺寸：</p><p style=\"text-align:center;\"><img src=\"http://localhost/hdcms/upload/Content/2013/12/04/981386121148.png\"/></p><p>字体离得越远，视觉上会显得越小。你需要将字体设置得更大一些，当字体阅读的距离更远的时候。选择多大的字体是一个科学性的问题。如果你没有什么经验，有用的一个窍门是，将一本印刷很好的书放在合适的阅读距离，然后比照屏幕字体大小。</p><p>平面设计师没有网页设计经验的时候，把网页正文字体和印刷字体相比的时候，会惊讶于网页正文字体有多么大。提醒下你，只有你在一排一排地作比较的时候会觉得字体很大，然而通过透视观察就不会这样觉得了。</p><p style=\"text-align:center;\"><img src=\"http://localhost/hdcms/upload/Content/2013/12/04/96481386121149.png\"/></p><p>如果在增加了正文字体大小之后，新的字体在一开始刺激了你，不要担心这很正常。然而，当你习惯了它，你不会想要回到＂标准＂的小尺寸。</p><p>从2006年开始我们已经推荐了＂透视化比例＂字体尺寸。最初，我们声明Georgia 16号字体是一个很好的正文尺寸参照，这个引起了很多的愤怒甚至一些嘲笑，但是现在这或多或少是一个普遍的标准。随着更高级的解决方案出现，这个标准慢慢地变得老式了。</p><h4>行高和对比</h4><p>正文字体尺寸可以通过那个透视窍门来评估，而行高需要一些调整。随着更远的阅读距离和更多的像素污点，给屏幕上的文字比印刷的更大一点的行高是比较聪明的方式。140%是一个好的参照，但是当然，这个需要根据你选择的字体来定。</p><p style=\"text-align:center;\"><img src=\"http://localhost/hdcms/upload/Content/2013/12/04/45241386121149.png\"/></p><p>今\r\n天，作为一个前提是你要确定对比不会太弱（比如灰色的文字在浅灰色的底上）或者太刺眼（比如粉红之于绿色）。自从屏幕字体的设计是黑色之于白色，用黑色的\r\n背景有点困难，但是这些做得好也会很不错。随着现代高对比的屏幕，选择黑灰字体或者浅灰的背景都是可取的，而不是深黑之于白色。但是，依然，这不是重要的\r\n问题。</p><h4>iPhone vs iPad</h4><p>很多我们学习到的关于响应式排版的知识都是从给我们的书写软件寻找完美的字体中来\r\n的。当我们设计IA \r\nWRITER的时候我们花了几个星期去寻找正确的排版解决方案。在当时，高分辨率的ipad屏幕是一个全新的挑战，它也花了我们很长时间直到我们找到它的\r\n运作方式。当苹果提出iphone的retina屏幕以及之后的ipad的retina屏，所有东西都改变了。我们完全可以写一本书解释我们是如何得出\r\nIA WRITER中”令人讽刺”的字体，但是这些非常一般的事情有太多东西要说，所以我长话短说。</p><p>如果你对比我们最新版本的iphone软件和ipad软件，你会发现字体的尺寸是不一样的。</p><p style=\"text-align:center;\"><img src=\"http://localhost/hdcms/upload/Content/2013/12/04/1931386121150.png\"/></p>', '', '', ''), ('9', '叶明,利用,瓜子,大神,纷纷,各显神通,另类,有趣,功能', '叶明：继利用photoshop数瓜子后，大神们纷纷各显神通，把photoshop另类有趣的功能挖掘得淋漓尽致，我们一起来瞧瞧，photoshop竟然还能这样用？！一：压缩背景保留主体。这个功能很实用啊，但就是效果有点儿不好控制。如果我们想把这张照片压扁，按照正常的压缩方法，会出现人过于扁而显得不真实。  用内容识别比例可以很好的解决这个问题，不过有时候它的自动识别比较差，你可以先建立一个', '<p style=\"text-align:center;\"><img src=\"http://localhost/hdcms/upload/Content/2013/12/04/28571386121173.jpg\" height=\"375\" width=\"600\"/></p><p>叶明：继利用photoshop数瓜子后，大神们纷纷各显神通，把photoshop另类有趣的功能挖掘得淋漓尽致，我们一起来瞧瞧，photoshop竟然还能这样用？！</p><h4><strong>一：压缩背景保留主体。</strong></h4><p>这个功能很实用啊，但就是效果有点儿不好控制。</p><p style=\"text-align:center;\"><img src=\"http://localhost/hdcms/upload/Content/2013/12/04/89281386121174.jpg\"/></p><p>如果我们想把这张照片压扁，按照正常的压缩方法，会出现人过于扁而显得不真实。<br/> &nbsp;用内容识别比例可以很好的解决这个问题，</p><p>不过有时候它的自动识别比较差，你可以先建立一个alpha通道，然后在选项里面选择这个受保护的区域（不被压缩区域）。</p><p style=\"text-align:center;\"><img src=\"http://localhost/hdcms/upload/Content/2013/12/04/26011386121174.jpg\"/></p><p>这是对比图：</p><p style=\"text-align:center;\"><img src=\"http://localhost/hdcms/upload/Content/2013/12/04/86191386121175.jpg\"/><br/>&nbsp;</p><h4><strong>二：快速换背景</strong></h4><p>只需一步，就可实现背景的更换。<br/> &nbsp;打开一张背景相对干净的图片，<br/> &nbsp;再打开一张云的图片，把云放在这张图片上面。</p><p style=\"text-align:center;\"><img src=\"http://localhost/hdcms/upload/Content/2013/12/04/7311386121176.jpg\"/><br/>&nbsp;<br/></p><p style=\"text-align:center;\"><img src=\"http://localhost/hdcms/upload/Content/2013/12/04/14651386121177.jpg\"/></p><p>双击云的图层。<br/> &nbsp;然后在最下面的混合颜色带作选择。</p><p style=\"text-align:center;\"><img src=\"http://localhost/hdcms/upload/Content/2013/12/04/10451386121177.jpg\"/></p><p>本图层这个浮标呢，左边这个向右就是隐藏本图层较暗的像素，<br/> &nbsp;右边这个向左就是隐藏本图层较亮的像素，<br/> &nbsp;下面这个图层正好相反，但不是完全对应的。</p><p>因为上下两个图层的亮度信息是不一样的，即使浮标在同一点，效果也不一样。<br/> &nbsp;我们如图拉下面这个图层。</p><p>效果如图：<br/> &nbsp;貌似抠得还可以：）</p><p style=\"text-align:center;\"><img src=\"http://localhost/hdcms/upload/Content/2013/12/04/6441386121178.jpg\"/><br/>&nbsp;<br/></p><p style=\"text-align:center;\"><img src=\"http://localhost/hdcms/upload/Content/2013/12/04/43121386121178.jpg\"/><br/>&nbsp;</p><h4><strong>三：仿裸眼3D</strong></h4><p>这个比较简单了，不过有时候制造出来的效果还是可以。</p><p style=\"text-align:center;\"><img src=\"http://localhost/hdcms/upload/Content/2013/12/04/96131386121179.jpg\"/></p><p>打开一张图片，<br/> &nbsp;复制图层，然后双击。<br/> &nbsp;在高级混合中 R,G,B中只选一个，<br/> &nbsp;然后轻微移动图层，与下面这个图层形成错位。</p><p style=\"text-align:center;\"><img src=\"http://localhost/hdcms/upload/Content/2013/12/04/69841386121180.jpg\"/></p>', '', '', ''), ('10', '无疑,未来,发展,方向,这一,点在,移动,互联网,领域', 'HTML5/CSS3无疑是未来Web发展的方向，这一点在移动互联网领域已经得到了充分的证明。如果你也是一名web开发者，想要深入了解关于HTML5和CSS3的话，你不妨看看下面这些教程。      这里有23个不错的HTML5/CSS3教程(有的使用了jQuery)，这些教程来自于国外的一些优秀的web开发者和设计师，相信看完之后你一定会学到不少东', '<p>HTML5/CSS3无疑是未来Web发展的方向，这一点在移动互联网领域已经得到了充分的证明。如果你也是一名web开发者，想要深入了解关于HTML5和CSS3的话，你不妨看看下面这些教程。</p><p style=\"text-align: left;\">&nbsp;&nbsp;&nbsp;&nbsp;&nbsp; 这里有23个不错的HTML5/CSS3教程(有的使用了jQuery)，这些教程来自于国外的一些优秀的web开发者和设计师，相信看完之后你一定会学到不少东西。</p><h3 style=\"text-align: center;\"><a href=\"http://www.threestyles.com/tutorials/coding-apples-navigation-bar-using-css-sprites/\">Apple Navigation Bar using CSS Sprites</a></h3><p style=\"text-align: center;\"><img src=\"http://localhost/hdcms/upload/Content/2013/12/04/12841386121195.jpg\"/></p><h3 style=\"text-align: center;\"><a href=\"http://hacks.mozilla.org/2010/04/the-css-3-flexible-box-model/\">CSS3 Flexible Box Model</a></h3><p style=\"text-align: center;\"><img src=\"http://localhost/hdcms/upload/Content/2013/12/04/98961386121195.jpg\"/></p><h3 style=\"text-align: center;\"><a href=\"http://line25.com/tutorials/design-and-code-a-cool-iphone-app-website-in-html5\">Design an HTML5 iPhone App Website</a></h3><p style=\"text-align: center;\"><img src=\"http://localhost/hdcms/upload/Content/2013/12/04/52441386121196.jpg\"/></p><h3 style=\"text-align: center;\"><a href=\"http://webdesignerwall.com/tutorials/css3-dropdown-menu\">CSS3 Dropdown Menu</a></h3><p style=\"text-align: center;\"><img src=\"http://localhost/hdcms/upload/Content/2013/12/04/74881386121196.jpg\"/></p><h3 style=\"text-align: center;\"><a href=\"http://www.1stwebdesigner.com/tutorials/how-to-use-css3-orientation-media-queries/\">How to use CSS3 Orientation Media Queries</a></h3><p style=\"text-align: center;\"><img src=\"http://localhost/hdcms/upload/Content/2013/12/04/50351386121197.jpg\"/></p><h3 style=\"text-align: center;\"><a href=\"http://inspectelement.com/tutorials/code-a-backwards-compatible-one-page-portfolio-with-html5-and-css3/\">Single-Page HTML5/CSS3 Portfolio Template</a></h3><p style=\"text-align: center;\"><img src=\"http://localhost/hdcms/upload/Content/2013/12/04/77801386121198.jpg\"/></p><h3 style=\"text-align: center;\"><a href=\"http://tutorialzine.com/2011/07/spinning-newspaper-effect-css3/\">Spinning Newspaper Effect with CSS3</a></h3><p style=\"text-align: center;\"><img src=\"http://localhost/hdcms/upload/Content/2013/12/04/89491386121198.jpg\"/><br/>站内资源下载：<a href=\"http://www.w3cfuns.com/thread-1763-1-1.html\" id=\"thread_subject\">CSS3趣味应用—旋转的报纸</a></p><h3 style=\"text-align: center;\"><a href=\"http://coding.smashingmagazine.com/2011/07/13/learning-to-use-the-before-and-after-pseudo-elements-in-css/\">Learning the :before and :after pseudo classes</a></h3><p style=\"text-align: center;\"><img src=\"http://localhost/hdcms/upload/Content/2013/12/04/51351386121199.jpg\"/></p><h3 style=\"text-align: center;\"><a href=\"http://designshack.net/articles/css/creating-a-fun-animated-navigation-menu-with-pure-css\">Create a Fun Animated Menu with Pure CSS</a></h3><p style=\"text-align: center;\"><img src=\"http://localhost/hdcms/upload/Content/2013/12/04/82461386121200.jpg\"/></p><h3 style=\"text-align: center;\"><a href=\"http://www.threestyles.com/tutorials/css3-login-form-tutorial/\">Slick CSS3 Login Form</a></h3><p style=\"text-align: center;\"><img src=\"http://localhost/hdcms/upload/Content/2013/12/04/26241386121200.jpg\"/></p><h3 style=\"text-align: center;\"><a href=\"http://tutorialzine.com/2011/06/beautiful-portfolio-html5-jquery/\">Making a Beautiful HTML5 Portfolio</a></h3><p><img src=\"http://localhost/hdcms/upload/Content/2013/12/04/54451386121201.jpg\"/><br/>站内资源下载：<a href=\"http://www.w3cfuns.com/thread-2104-1-1.html\" id=\"thread_subject\">HTML5和CSS3制作的绚丽变换组合案例</a></p>', '', '', ''), ('18', '公开,测试版,发布,感谢,全体,盾友,后盾,一贯,支持', 'HDCMS公开测试版发布了！感谢全体盾友对后盾网一贯的支持，我们一起加油！', '<p>HDCMS公开测试版发布了！感谢全体盾友对后盾网一贯的支持，我们一起加油！</p><div id=\"xunlei_com_thunder_helper_plugin_d462f475-c18e-46be-bd10-327458d045bd\"></div>', '', '', ''), ('11', '译者,人脑,处理,圆形,中的,信息,加快,有效,设计', '译者注：人脑处理圆形中的信息更加快和有效，设计得当可兼具良好的使用性以及更大的吸引力，本文以移动设备为例，这一类设备恰好是使用\r\n圆形的指尖形状，为设计提供了更大的自由度，本文适合移动端设计的同学以及对此感兴趣的同学，不仅从交互上并且从视觉上都能够对以圆形为基本元素的设计起\r\n到一定的启发作用。原文地址：http://designmodo.com/mobile-apps-circle/圆\r\n形被认', '<p>译者注：人脑处理圆形中的信息更加快和有效，设计得当可兼具良好的使用性以及更大的吸引力，本文以移动设备为例，这一类设备恰好是使用\r\n圆形的指尖形状，为设计提供了更大的自由度，本文适合移动端设计的同学以及对此感兴趣的同学，不仅从交互上并且从视觉上都能够对以圆形为基本元素的设计起\r\n到一定的启发作用。</p><p>原文地址：<a href=\"http://designmodo.com/mobile-apps-circle/\" target=\"_blank\">http://designmodo.com/mobile-apps-circle/</a></p><p>圆\r\n形被认为是能够被人眼最快识别出的对象之一。这就意味着我们的大脑有能力处理在圆形中的信息比处理在常规的三角或矩形中的数据略快一些。对于小型的以手势\r\n为基础的交互界面中，这种能力真的非常关键。这一点对移动设备来说尤为典型，在大多数的情况下，这成为了选择基本UI元素形状的决定性因素。赏心悦目的曲\r\n线取代了尖锐边缘，有助于营造一种温暖舒适的气氛，让感观愉悦。它有效地增强了用户体验，让交互界面简单而明了。</p><p>选择圆形一个最普通的原因\r\n就是它模仿指尖的形状的能力下意识也将圆形元素与按钮联系在一起。因此，作为一条规律，你很容易发现行为召唤的按钮（call-to-action \r\nbuttons）应用在环形结构后，有相当一部分应用程序大肆地在设计中使用这一形状。例如，音乐导向的应用，或者是可视化的闹钟以及时钟都离不开环形结\r\n构。</p><p>本文的选例都是带有明确的圆形风格的移动交互界面，这些界面自然地融入了UI流畅性，更多的可用性和吸引力。</p><p><strong>Eli Williamson设计的Lock Screen Concept</strong>使用绚丽的相片背景来吸引用户的注意力。紧凑的排版，醒目的圆形图案以及主体的白色给应用增加了雅致与空间感。</p><p style=\"text-align:center;\"><img src=\"http://localhost/hdcms/upload/Content/2013/12/04/3891386121258.jpg\" height=\"394\" width=\"560\"/></p><p><strong>Cüneyt ŞEN设计的Timer</strong>有着绿色的发光风格。近似霓虹闪烁式的图标及带有光效圆形在黑暗的纯色背景下非常显眼。</p><p style=\"text-align:center;\"><a href=\"http://localhost/hdcms/upload/Content/2013/12/04/63861386121258.jpg\"><img src=\"http://localhost/hdcms/upload/Content/2013/12/04/63861386121258.jpg\" height=\"419\" width=\"559\"/></a></p><p><strong>Timm Kekeritz设计的Partly Cloudy</strong>被贴上了怀旧的标签。柔和的调色板，新颖的旋钮，复合的画布营造出一片旧日情怀。</p><p style=\"text-align:center;\"><a href=\"http://localhost/hdcms/upload/Content/2013/12/04/17881386121259.jpg\"><img src=\"http://localhost/hdcms/upload/Content/2013/12/04/17881386121259.jpg\" height=\"597\" width=\"560\"/></a></p><p><strong>Marco Nenzi设计的ClapUp</strong>由于逼真的旋钮和按钮，新颖的时钟以及质朴的白色背景而看起来清爽而且高端。</p><p style=\"text-align:center;\"><a href=\"http://localhost/hdcms/upload/Content/2013/12/04/97971386121259.jpg\"><img src=\"http://localhost/hdcms/upload/Content/2013/12/04/97971386121259.jpg\" height=\"366\" width=\"560\"/></a></p><p><strong>Jakub Antalík设计的Coffely</strong>，由于扁平风格的精彩应用简洁而自然地呈现出准确而轻快的界面。</p><p style=\"text-align:center;\"><a href=\"http://localhost/hdcms/upload/Content/2013/12/04/9271386121260.jpg\"><img src=\"http://localhost/hdcms/upload/Content/2013/12/04/9271386121260.jpg\" height=\"444\" width=\"560\"/></a></p><p><strong>Circle</strong>在整个设计中都应用了圆形元素，从头像显示，状态通知以及其它按钮都用到了圆形。</p><p style=\"text-align:center;\"><a href=\"http://localhost/hdcms/upload/Content/2013/12/04/22971386121260.jpg\"><img class=\"alignnone size-full wp-image-2317\" alt=\"Circle\" src=\"http://localhost/hdcms/upload/Content/2013/12/04/22971386121260.jpg\" height=\"306\" width=\"560\"/></a></p><p><strong>Megamegacube设计的Quotes app</strong>让事情保持简单易懂，将时髦的红色背景，平实的白色的图案元素以及常规字体巧妙地结合在了一起。</p><p style=\"text-align:center;\"><a href=\"http://localhost/hdcms/upload/Content/2013/12/04/28541386121261.jpg\"><img src=\"http://localhost/hdcms/upload/Content/2013/12/04/28541386121261.jpg\" height=\"355\" width=\"560\"/></a></p><p><strong>Corey Liu设计的Charging Animation</strong>采用了现实主义方式。设计师巧妙地将生活元素植根于带有绿色液体的中心图标中，使它看起来栩栩如生且魅力非凡。</p><p style=\"text-align:center;\"><a href=\"http://localhost/hdcms/upload/Content/2013/12/04/3891386121261.jpg\"><img src=\"http://localhost/hdcms/upload/Content/2013/12/04/3891386121261.jpg\" height=\"330\" width=\"559\"/></a></p><p><strong>Michael Sambora设计的Bikester #2 wip</strong>展现了淡色与一系列精致细节刻画核心部件相结合产生的有力的视觉冲击。</p><p style=\"text-align:center;\"><a href=\"http://localhost/hdcms/upload/Content/2013/12/04/83981386121261.jpg\"><img src=\"http://localhost/hdcms/upload/Content/2013/12/04/83981386121261.jpg\" height=\"354\" width=\"560\"/></a></p><p><strong>Tomáš Zeman设计的Company Income App</strong>基于Metro 8美学，出色的集成了淡淡的二维单色圆形元素及大量自由空间。</p><p style=\"text-align:center;\"><a href=\"http://localhost/hdcms/upload/Content/2013/12/04/84121386121262.jpg\"><img src=\"http://localhost/hdcms/upload/Content/2013/12/04/84121386121262.jpg\" height=\"326\" width=\"560\"/></a></p><p><strong>Nate Dicken设计的Foresee – Let’s Go Swimming!</strong>特意注入了一些明亮的颜色来使交互界面看起来明亮而欢快。</p><p style=\"text-align:center;\"><a href=\"http://localhost/hdcms/upload/Content/2013/12/04/61981386121262.jpg\"><img src=\"http://localhost/hdcms/upload/Content/2013/12/04/61981386121262.jpg\" height=\"361\" width=\"560\"/></a></p><p><strong>Boris Valusek设计的Superminds</strong>呈现出惯用的水平条纹式的布局，每一行都包含着圆形头像和小标题。</p><p style=\"text-align:center;\"><a href=\"http://localhost/hdcms/upload/Content/2013/12/04/48271386121263.jpg\"><img src=\"http://localhost/hdcms/upload/Content/2013/12/04/48271386121263.jpg\" height=\"380\" width=\"560\"/></a></p><p><strong>Zahir Ramos设计的Laundry Master App</strong>，通过完美集成拟物化洗衣机相关按钮和旋钮和惊艳的刻画，吸引了常规客户，从而在这类应用中独树一帜，脱颖而出。</p><p style=\"text-align:center;\"><a href=\"http://localhost/hdcms/upload/Content/2013/12/04/43081386121264.jpg\"><img src=\"http://localhost/hdcms/upload/Content/2013/12/04/43081386121264.jpg\" height=\"451\" width=\"560\"/></a></p><p><strong>Ben Dunn设计的Napp App</strong>成功应用一些整齐微妙的整体控制牢牢地抓住了用户的注意力。</p><p style=\"text-align:center;\"><a href=\"http://localhost/hdcms/upload/Content/2013/12/04/3581386121264.jpg\"><img src=\"http://localhost/hdcms/upload/Content/2013/12/04/3581386121264.jpg\" height=\"472\" width=\"560\"/></a></p>', '', '', ''), ('12', '超级,面包,查找,设计,创意,前端,小编,发布,查看', '   	\r\n        	超级面包屑的分面查找           设计创意|前端小编 发布于 2013-11-20 12:18查看: 931评论: 1来自: 腾讯ecd              &nbs', '<p>&nbsp; &nbsp;	\r\n &nbsp; &nbsp; &nbsp; &nbsp;	</p><h1 class=\"ph\">超级面包屑的分面查找</h1><p>&nbsp; &nbsp; &nbsp; &nbsp; &nbsp; &nbsp;</p><ul id=\"article_info\" class=\"cl list-paddingleft-2\"><li><p><a href=\"http://www.w3cfuns.com/portal.php?mod=list&amp;catid=34\" target=\"_blank\">设计创意</a><span class=\"pipe\">|</span></p></li><li><p><a href=\"http://www.w3cfuns.com/space-uid-3.html\">前端小编</a> 发布于 2013-11-20 12:18</p></li><li><p>查看: 931</p></li><li><p>评论: <a href=\"http://www.w3cfuns.com/portal.php?mod=comment&amp;id=1264&amp;idtype=aid\" title=\"查看全部评论\">1</a></p></li><li><p>来自: <a href=\"http://ecd.tencent.com/superline.html\" target=\"_blank\">腾讯ecd</a></p></li></ul><p>&nbsp; &nbsp; &nbsp; &nbsp; &nbsp; &nbsp; &nbsp; &nbsp; &nbsp; &nbsp; &nbsp; &nbsp;\r\n &nbsp; &nbsp; &nbsp; &nbsp; &nbsp; &nbsp;\r\n &nbsp; &nbsp; &nbsp; &nbsp; &nbsp; &nbsp; &nbsp; &nbsp; &nbsp; &nbsp; &nbsp; &nbsp; &nbsp; &nbsp; &nbsp; &nbsp;</p><p style=\"text-align:center;\"><img src=\"http://localhost/hdcms/upload/Content/2013/12/04/4531386121286.png\" height=\"300\" width=\"730\"/></p><p>译者注：搜索的关键是让用户更加容易的找到所需的信息，我发现该文精心的为用户创造了一个灵活的解决方法，交互形式不在拘泥于固有的设计原则，更多是从实际情况出发，创造更适合的交互控件。&nbsp;翻译了这篇文章跟大家共享，若大家发现任何错误，欢迎随时给予纠正。</p><p>如\r\n今的查找界面没有有效的支持一体化查找，用户的注意力经常被一些不同的搜索结果和浏览界面所混淆。在这篇文章中，我建议使用一体化分面（分面指事物多维度\r\n的属性）面包屑（IFB）设计，通过综合分面的力量，更加细化的为浏览者提供直观的查询扩展。尽管其他基于面包屑的查找界面依然存在，但他们都因忽略最佳\r\n的实践而未达到预期的结果。面包屑最好的方式是放在侧边的、占有最少空间而又更强大的查找控件</p><p>相比之下，面包屑是IFB设计的超级英雄，处理了很多被可用性问题困扰的查找界面。为了证明这点，我尽全力测试了我的假设。12个评估者都发现了IFB更易用、更直观和灵活的解决复杂搜索任务，这是传统的搜索界面是很难做到的。</p><p><strong>一体化查找的挑战</strong></p><p>在\r\npetermorville最近的UIE网络研讨会上，他称赞了综合查找的优点：“浏览和搜索串联工作…查找界面很好的实现了平衡，让用户在浏览和搜索中\r\n流畅自如的移动。”不幸的是，如今很多网站没有有效的一体化分面查找和浏览。例如，walmart.com浏览和搜索的途径是使用两个不同的界面，创建一\r\n堆重复的控件淹没用户，使网站更加难以使用。如图1.</p><p style=\"text-align:center;\"><img src=\"http://www.w3cfuns.com/data/attachment/portal/201311/20/121729pe0b07vkejbcnw8m.png\" height=\"786\" width=\"630\"/></p><p style=\"text-align: center;\">图1.walmart.com上搜索和分面查找的杂乱机制</p><p>walmart.Com\r\n上丰富的筛选、链接和选项，使用户成功的重复搜索或有效的发现相关主题和内容都非常不容易。重复查找的方法还创建了一个自然搜索的问题，因为每个查找页面\r\n仅限于特定的对话。Marti \r\nhearst的《搜索用户界面》的第8章说：分面查找的首要设计目标是实现”灵活导航、无缝综合使用定向（关键字）搜索浏览，精炼和扩展交替流畅，避免空\r\n结果，整个过程都让用户感到可控和理解“。</p><p><strong>分面面包屑一体化（IFB）设计</strong></p><p>为了满足搜索和浏览一体化的挑战，我提出了一体化分面面包屑（IFB）的设计方案。推荐walmart.com采用一体化分面面包屑重新设计用户界面的线框图，如图2所示。</p><p style=\"text-align:center;\"><img src=\"http://localhost/hdcms/upload/Content/2013/12/04/52641386121290.png\" height=\"836\" width=\"621\"/></p><p style=\"text-align: center;\">图2.walmart.com采用一体化分面面包屑（IFB）再设计界面的线框图</p><p>面\r\n包屑简单、直观、灵活、应变能力强。正如jacob \r\nNielsen在她的2007年ALertbox中的陈述，面包屑导航越来越有用：“相对于更高层次的概念，面包屑显示了用户的当前位置，帮助用户理解与\r\n其他页面之间的位置关系。面包屑支持一键访问上一级目录，从而解救了那些通过搜索或深度链接，到达非目的地的用户。面包屑在用户测试中从未出现问题，用户\r\n不会误解面包屑，也不会出现操作问题。</p><p><strong>一体化分面面包屑的初步可用性评估</strong></p><p>一体化分面面包\r\n屑早起可用性测试结果显示，使用链接的HTML原型是非常有前景的。我用一个简单的8页HTML原型，测试了12个目前流行的电子商务界面和不同性别年龄\r\n背景用户的变化。被测用户能够迅速的掌握一系列可能的交互，并使用界面有效的解决了复杂的查找任务，现有的搜索界面是很难做到的。经过1~2个简单的任务\r\n后，参与者精确预测系统行为的信息和能力也明显提高了，这表明用户对IFB设计的学习曲线是非常短的。尽管没有正式的研究对比使用IFB的性能与现有的分\r\n面查找的问题，在进行某些种类的查找任务时，相比现有的沃尔玛针对特定分类的搜索任务使用的分面搜索设计，IFB \r\n设计更被青睐早期可用性测试表明，IFB设计提供了许多好处超越了传统的分面搜索设计：</p><p><strong>1、学习成本低：</strong>熟悉的链接和下拉菜单使的这个控件相当直观。很少使用面包屑的用户也会很有效的操作IFB。</p><p><strong>2、效率</strong>：面包屑和分类结合成一个控件有效的利用了有限的屏幕空间，大大降低了重复控件造成的杂乱。</p><p><strong>3、无限通道</strong>：搜索和浏览的结合，允许无限制的访问任何页面与当前查询页面。</p><p><strong>4、一体化</strong>：充分的将落地页、品牌目录和类别页整合到分面搜索的架构中。在屏幕上方有突出的位置可以看到你的当前位置和用户所需要访问的所有导航工具。</p><p><strong>5、灵活性</strong>：在整个查找过程中，用户可以根据需要随时从浏览切换到搜索。</p><p><strong>6、应变性</strong>：为扩大搜索范围，访问与当前查询相关的产品和服务提供了机会。</p><p><strong>什么让IFB与众不同？</strong></p><p>Danniel\r\n \r\nTunkelang在2009UIE网络研讨会（分面搜索：设计你的内容、导航和UI）上说，大部分基于面包屑的查找不直观也不易使用的。什么让IFB设\r\n计与众不同？我相信IFB的设计相对于其他的分面面包屑更加直观，应变性更强，根据多年设计和研究分面界面的经验得到以下关键设计建议：</p><p><strong>1、层级位置与面包屑特征结合</strong></p><p><strong>2、利用变化而不是设置删除</strong></p><p><strong>3、自动保留最近查询信息</strong></p><p><strong>4、面包屑的分类标签</strong></p><p><strong>5、清晰的表达如何开始一个新的搜索</strong></p><p><strong>6、允许直接操作关键词</strong></p><p>在下面几节中，我将讨论这些设计建议，解释对比与现有的分面面包屑，IFB的解决方案是什么。</p><p><strong>1、分层的位置与面包屑特征结合</strong></p><p>在\r\n2002年，信息建筑师Keith \r\ninstsone在他的第三次年度IA峰会海报上编目了面包屑的三种类型，以揭示标题：定位、路径和属性面包屑。在分面搜索界面中，属性面包屑通常传达应\r\n用方面的价值，如价格，类别，风格，品牌。一般属性面包屑就是路径面包屑，用户按照目前的搜索结果的顺序显示层级值，Ariba查找网络的属性路径面包屑\r\nUI如图3所示。</p><p style=\"text-align:center;\"><img src=\"http://localhost/hdcms/upload/Content/2013/12/04/97921386121290.png\" height=\"393\" width=\"571\"/></p><p style=\"text-align: center;\">图3. Ariba查找网络的属性路径面包屑UI</p><p>不幸的是，属性路径面包屑从一体化搜索和浏览的角度来看并不能应变的帮助用户查找相关内容：</p><p>1、暂时的面包屑，不能使用有效链接和锚类别，落地页，品牌目录和其他浏览页面，正是因为它承载着所有的历史属性</p><p>2、暂时的面包屑不能有效的展示用户可以去哪里，因为他们只能展示用户去过哪里。</p><p>3、带有暂时的面包屑的页面不能通过自然搜索有效链接，因为用户每次访问就会创建不同的URL</p><p>4、当查询发生变化时，面包屑上属性就会“随机”的跳来跳去。</p><p>相\r\n反，位置面包屑是有层级架构的：他们不处理用户去过哪里，只处理现在所处页面组织。层级结构提供了一个直观的方式来访问复杂性和访问资源，在大范围的查找\r\n和导航任务中都是非常有用的。我们如何确定属性的层级？我的研究让我相信，大部分人会直观的发现，在位置属性中，把会显示未选中的分类（最典型的是左侧导\r\n航栏），把分类看作另外一种属性的面包屑，显示未选中的层级也提供了一种有效的整合搜索和浏览的方法，在大多数查找界面中，分类首先出现在左侧导航中，这\r\n使得“浏览”类别属性的价值大于分面搜索的价值。</p><p style=\"text-align:center;\"><img src=\"http://localhost/hdcms/upload/Content/2013/12/04/61601386121291.png\" height=\"577\" width=\"622\"/></p><p style=\"text-align: center;\">图 4. Amazon.com的左侧导航栏</p><p>大多数人发现IFB面包屑结构简单直观，能够准确地预测复杂筛选任务的系统行为，只操作几分钟就可以应用、删除和改变筛选值。</p>', '', '', ''), ('13', '记得,大鱼,一幕,主角,脱了,鞋子,纵情,奔跑,对话', '记得《大鱼》里有一幕主角脱了鞋子纵情奔跑的对话：— Friend，What happened to your shoes？— They kind of got ahead of me！没错，鞋在前方，路在脚下，踏踏实实地向前迈出每一步吧！因为唯有脚踩过的泥土，才会留下真正属于自己的印迹。QQ2013正是这么带着梦想一步一步走来，只为做出更好的态度：沟通是力量！沟通是无尽想象关于这个主题有太多选择，', '<p style=\"text-align:center;\"><img src=\"http://localhost/hdcms/upload/Content/2013/12/04/22991386121310.jpg\" height=\"360\" width=\"630\"/></p><p><br/></p><p>记得《大鱼》里有一幕主角脱了鞋子纵情奔跑的对话：</p><p>— Friend，What happened to your shoes？</p><p><br/></p><p>— They kind of got ahead of me！</p><p><br/></p><p>没错，鞋在前方，路在脚下，踏踏实实地向前迈出每一步吧！</p><p><br/></p><p>因为唯有脚踩过的泥土，才会留下真正属于自己的印迹。</p><p><br/></p><p>QQ2013正是这么带着梦想一步一步走来，只为做出更好的态度：沟通是力量！</p><p><br/></p><p style=\"text-align:center;\"><img src=\"http://localhost/hdcms/upload/Content/2013/12/04/51501386121311.jpg\" height=\"510\" width=\"590\"/></p><p><br/></p><h2><strong>沟通是无尽想象</strong></h2><p><br/></p><p>关于这个主题有太多选择，纠结间幻想自己在海边游泳、脑里养鱼，于是联想到Big Fish。</p><p>其实这联想有一定的来由，“big fish story”是美国俗语，意为有趣的或夸张的童话。</p><p>整个QQ2013系列也融入了我对《大鱼》的这种感情基调。</p><p>最终，这幅“沟通是无尽想象”的画面中，小女孩倚坐一叶轻舟漂浮于水面，看似波澜不惊，天上却腾云滚滚声势浩大，女孩用细线圈住巨鲸，营造一种巨大的离奇差异感。</p><p>也想借此表达QQ数据线这一重点功能的特性，看似低调小巧，功能却惊喜强大。</p><p>《大鱼》电影台词：The biggest fish in the river gets that way by never being caught.</p><p>河里最大的鱼永远不会被人捉到。之所以不被捉到，大概因为它无限的渴求促使它永不停歇吧。</p><p>正如想象力那样。</p><p style=\"text-align:center;\"><img src=\"http://localhost/hdcms/upload/Content/2013/12/04/79131386121312.jpg\" height=\"524\" width=\"590\"/></p><h2><strong>沟通是整理时间</strong></h2><p>我的理解是无论过去、现在、还是未来，创造自己历史的梦想者，都是在不断跟自己沟通。</p><p>画面一片丁香紫沙漠，用紫色给人安全感和有点儿梦幻的沉思。</p><p>《大\r\n鱼》电影台词：They said when you meet the love of your life,time stops.And \r\nthat’s true.What they don’t tell you is that once time starts again, it \r\nmoves extra fast to catch up.</p><p>人们说当你遇上你的挚爱时，时间会暂停。真的是这样。</p><p>但人们没有告诉你，当时针再度恢复转动，它会无比飞快，让人无法赶上。</p><p>幸福总是转瞬即逝的，却往往能在单位时间内留下最为深刻和美好的回忆。</p><p>所以，好好珍惜属于自己的幸福时光，不要让它们空余怅惘。</p><p>QQ传文件就是在时间维度上的一种沟通诠释，远方传来的一份礼物，当下的我来接收收藏。</p><p style=\"text-align:center;\"><img src=\"http://localhost/hdcms/upload/Content/2013/12/04/41451386121313.jpg\" height=\"472\" width=\"590\"/></p><h2><strong>沟通是分享快乐</strong></h2><p>我想最愉悦的沟通莫过于心有灵犀一点通。</p><p>于是联想到犀牛，原谅我滑稽的把一只犀牛放在大草原。</p><p>而在大草原和一群朋友待在一起是我的梦想。黄色玫瑰代表朋友，所以旷阔天空带着黄玫瑰色。</p><p>金色草原代表秋天，寓意丰盛、友谊深厚之意，夕阳无限好。</p><p>《大鱼》电影台词：Most things you consider evil or wicked are simply lonely and lacking in social niceties.</p><p>你认为最邪恶、最坏的东西，大多只是孤独、缺乏融洽的个性。</p><p>所以世界没有最邪恶，最坏的东西。人之初性本善。</p><p>我们需要学习爱，学习理解，学习宽容，互相分享互相沟通。</p><p>人与人沟通如乐队演奏，什么乐器不重要，重要是节奏对了。</p><p>正如QQ讨论组，让我们沟通随时随地合拍在一起。</p><p style=\"text-align:center;\"><img src=\"http://localhost/hdcms/upload/Content/2013/12/04/74181386121315.jpg\" height=\"457\" width=\"590\"/></p><h2><strong>沟通是自我成长</strong></h2><p>人的自我沟通来源于内心，显于外界。你的周围是自己的镜子，你所看到的是自己内心的映射。</p><p>行走是为了获得，停走是为了休憩，人的一生走走停停在自我沟通探寻成长的路上。</p><p>《大\r\n鱼》电影台词：This town is more than any man could ask for. And if I were to \r\nend up here, I would consider myself lucky.But the truth is, I’m just \r\nnot ready to end up anywhere.</p><p>这个小镇是任何人都梦寐以求的。我若落脚于此，定会倍感荣幸。但事实上，我从未准备好在任何地方落脚。</p><p>安逸的生活环境同样容易让人迷失、令人丧志。但实际上，远大的抱负也许不能立即带来物质上至高的享受，却是人生中最有价值的财富。</p><p>QQ也一直努力在性能上不断自我提升，只为更好的沟通。</p><p style=\"text-align:center;\"><img src=\"http://localhost/hdcms/upload/Content/2013/12/04/70851386121316.jpg\" height=\"433\" width=\"590\"/></p><h2><strong>沟通是时空无界</strong></h2><p>无需言语的感应是一种沟通，一个眼神也是一种沟通，沟通可以跨越时间，跨越空间，只要频率对，你就看到对方。</p><p>《大鱼》电影台词：</p><p>—You don’t even know me.</p><p>—I have the rest of my life to find out.</p><p>—你甚至还不认识我。</p><p>—我用毕生来认识你。</p><p>一见钟情，与地域没关系，与天气没关系，与年份没关系，</p><p>只因频率对了，我看到了你。在我们眼里，世界是扁平。</p><p>最后为大家送上壁纸下载地址。</p><p>沟通是无尽想像：</p><p>电脑版<a target=\"_blank\" href=\"http://dldir1.qq.com/qqfile/qq/pic/IMAGE1600x1600%20.jpg\">&nbsp;http://dldir1.qq.com/qqfile/qq/pic/IMAGE1600x1600 .jpg&nbsp;</a></p><p>手机版<a target=\"_blank\" href=\"http://dldir1.qq.com/qqfile/qq/pic/imageiphone4%20.png\">&nbsp;http://dldir1.qq.com/qqfile/qq/pic/imageiphone4 .png</a></p><p>沟通是整理时间：</p><p>电脑版<a target=\"_blank\" href=\"http://dldir1.qq.com/qqfile/qq/pic/TIME1600x1600WORD.jpg\">&nbsp;http://dldir1.qq.com/qqfile/qq/pic/TIME1600x1600WORD.jpg&nbsp;</a></p><p>手机版<a target=\"_blank\" href=\"http://dldir1.qq.com/qqfile/qq/pic/TINMEphone4WORD%20.png\">&nbsp;http://dldir1.qq.com/qqfile/qq/pic/TINMEphone4WORD .png&nbsp;</a></p><p>沟通是分享快乐：</p><p>电脑版<a target=\"_blank\" href=\"http://dldir1.qq.com/qqfile/qq/pic/FENGXIANG1600x1600WORD.jpg\">&nbsp;http://dldir1.qq.com/qqfile/qq/pic/FENGXIANG1600x1600WORD.jpg&nbsp;</a></p><p>手机版<a target=\"_blank\" href=\"http://dldir1.qq.com/qqfile/qq/pic/fengxiangiphone4WORD%20.png\">&nbsp;http://dldir1.qq.com/qqfile/qq/pic/IMAGE1600x1600 .jpg&nbsp;</a></p><p>沟通是自我成长：</p><p>电脑版<a target=\"_blank\" href=\"http://dldir1.qq.com/qqfile/qq/pic/ZIWO1600x1600%20WORD.jpg\">&nbsp;http://dldir1.qq.com/qqfile/qq/pic/ZIWO1600x1600 WORD.jpg&nbsp;</a></p><p>手机版<a target=\"_blank\" href=\"http://dldir1.qq.com/qqfile/qq/pic/ZIWOiphone4WORD.png\">&nbsp;http://dldir1.qq.com/qqfile/qq/pic/ZIWOiphone4WORD.png</a></p><p>沟通是时空无界：</p><p>电脑版<a target=\"_blank\" href=\"http://dldir1.qq.com/qqfile/qq/pic/WUJIE1600x1600%20WOED.jpg\">&nbsp;http://dldir1.qq.com/qqfile/qq/pic/WUJIE1600x1600 WOED.jpg&nbsp;</a></p><p>手机版<a target=\"_blank\" href=\"http://dldir1.qq.com/qqfile/qq/pic/WUJIEiphone4%20WORD.png\">&nbsp;http://dldir1.qq.com/qqfile/qq/pic/WUJIEiphone4 WORD.png</a></p>', '', '', ''), ('14', '关于,差不多,先生,知道,中国,有名,提起,此人,人人', '关于差不多先生你知道中国最有名的人是谁？提起此人，人人皆晓，处处闻名。他姓差，名不多，是各省各县各村人氏。差不多先生常说：“凡事只要差不多，就好了。何必太精明呢？”他小的时候，他妈叫他去买红糖，他买了白糖回来。他妈骂他，他摇摇头说：“红糖白糖不是差不多吗？”他在学堂的时候，先生问他：“直隶省的西边是哪一省？”他说是陕西。先生说，“错了。是山西，不是陕西。”他说：“陕西同山西，不是差不多吗？”后来他', '<p style=\"text-align:center;\"><img src=\"http://localhost/hdcms/upload/Content/2013/12/04/27221386121340.png\" height=\"200\" width=\"625\"/></p><p><strong>关于差不多先生</strong></p><p>你知道<a href=\"http://baike.baidu.com/view/61891.htm\" target=\"_blank\">中国</a>最有名的人是谁？</p><p>提起此人，人人皆晓，处处闻名。他姓差，名不多，是各省各县各村人氏。</p><p>差不多先生常说：“凡事只要差不多，就好了。何必太精明呢？”</p><p>他小的时候，他妈叫他去买红糖，他买了白糖回来。他妈骂他，他摇摇头说：“红糖白糖不是差不多吗？”</p><p>他在学堂的时候，先生问他：“直隶省的西边是哪一省？”他说是<a href=\"http://baike.baidu.com/view/6510.htm\" target=\"_blank\">陕西</a>。先生说，“错了。是<a href=\"http://baike.baidu.com/view/6204.htm\" target=\"_blank\">山西</a>，不是陕西。”他说：“陕西同山西，不是差不多吗？”</p><p>后来他在一个钱铺里做伙计；他也会写，也会算，只是总不会精细。十字常常写成千字，千字常常写成十字。掌柜的生气了，常常骂他。他只是笑嘻嘻地赔小心道：“千字比十字只多一小撇，不是差不多吗？”</p><p>有\r\n一天，他忽然得了急病，赶快叫家人去请东街的汪医生。那家人急急忙忙地跑去，一时寻不着东街的汪大夫，却把兽医王大夫请来了。差不多先生病在床上，知道寻\r\n错了人；但病急了，身上痛苦，心里焦急，等不得了，心里想道：“好在王大夫同汪大夫也差不多，让他试试看罢。”于是这位兽医王大夫走近床前，用医牛的法子\r\n给差不多先生治病。不上一点钟，差不多先生就一命呜呼了。</p><p>这是胡适先生创作的一篇传记型题材寓言，通过这篇小小的寓言，我们认识了这位差不\r\n多先生，而在看了这么多关于差不多先生的荒唐事迹之后，我相信大家都不想成为差不多先生这种人。但是细细想想，是不是隐隐觉得自己身上还是有着差不多先生\r\n的影子呢？我们是不是常常也抱着“差不多”的态度对待生活和工作呢？在做网页设计的过程中，我们是不是也有过“差不多就好了”的想法呢？</p><p>其\r\n实大部分的时候，我们并不是有意要成为差不多先生的，我们常常会觉得，这个页面的色调也不错，结构也还行，一切看似差不多了，但是又觉得好像还差点什么，\r\n但又不知道该如何继续深入下去。下面，我们假设差不多先生是位设计，我将一面给大家展示一些他的作品，一面介绍一些方法，希望能够帮助你走出这种“差不\r\n多”的状况。</p><p><strong>差不多先生的作品（一）</strong></p><p style=\"text-align:center;\"><img src=\"http://localhost/hdcms/upload/Content/2013/12/04/37611386121340.png\" height=\"374\" width=\"524\"/></p><p>这是一个局部内容的排版，看起来似乎一切都差不多，标题和内容文字有做区分，条理清晰，内容与板块间也有留白。但是你可知道正是这看似不起眼的留白也能对我们的设计画面产生影响呢！</p><p style=\"text-align:center;\"><img src=\"http://localhost/hdcms/upload/Content/2013/12/04/73281386121341.png\" height=\"449\" width=\"713\"/></p><p>我们稍微做一点优化，只是把间距和留白的大小调整了一点，甚至是几像素而已。相比之下条理更为清晰，可读性更强了，网页的品质也得到了提升。原来只需要小小的调整一下留白的多少，画面效果会相差这么多~</p><p><strong>拒绝“差不多”的留白&nbsp;</strong>（如何聪明的运用留白？）</p><p>留\r\n白很重要，但是我们常常会不知道设计中应当怎样留白，多了会不会让页面看起来空空荡荡，少了会不会拥挤不堪？因此才无意的成为了差不多先生。各种不同情况\r\n下，留白的要求都不尽相同。这样就需要你不断训练自己，对留白所能带来的改变做到时刻心中有数，从而有效地利用留白满足设计需求。</p><p>下面让我们从别人的作品中学习一些经验，好让我们远离“差不多”的留白。</p><p style=\"text-align:center;\"><img src=\"http://localhost/hdcms/upload/Content/2013/12/04/50001386121341.png\" height=\"444\" width=\"617\"/></p><p>设计师通过大面积的留白与随意摆放的物品相结合，让整个网站的氛围轻松活泼，具有极佳的亲和力。</p><p style=\"text-align:center;\"><img src=\"http://localhost/hdcms/upload/Content/2013/12/04/79071386121342.png\" height=\"608\" width=\"836\"/></p><p>在大空白上展示的元素往往更具吸引力</p><p style=\"text-align:center;\"><img src=\"http://localhost/hdcms/upload/Content/2013/12/04/29691386121343.png\" height=\"455\" width=\"830\"/></p><p>有的时候我们会因为文字太多而把留白的部分减少，被迫做了差不多先生。但是我们知道，如果你硬要把东西塞得满满的，会让你的页面风格连同设计的品质，一起流失掉。所以即使再多得内容，我们都需要适当的给页面一些呼吸的空间。</p><p style=\"text-align:center;\"><img src=\"http://localhost/hdcms/upload/Content/2013/12/04/31761386121344.png\" height=\"508\" width=\"865\"/></p><p>恰到好处的留白让你的页面脱离条条框框的束缚。</p><p><strong>小方法</strong></p><p>1．&nbsp; 心理上不要害怕留白会浪费空间。要相信恰到好处的留白可以让你的画面更具品质感。</p><p>2．&nbsp; 不断尝试，直到找到最佳方案。久而久之，你将会成为留白的高手。</p><p>3．&nbsp; 在设计的过程中，不断的将页面缩小看，能够看出一些问题哦！</p><p><strong>差不多先生的作品（二）</strong></p><p style=\"text-align:center;\"><img src=\"http://localhost/hdcms/upload/Content/2013/12/04/68961386121344.png\" height=\"380\" width=\"521\"/></p><p>差不多先生的按钮设计，看起来似乎也没问题，色彩分明，凹凸感也有，按钮的效果已经出来了，好像也差不多了~其实我们只需要稍微多注意一点细节问题，效果看起来就会不一样的。</p>', '', '', ''), ('15', '越来越,多的,网页,设计师,开始,知道,进行,布局,计时', '越来越多的网页设计师开始知道，进行布局设计时需要用到栅格线。但是对于老手来说，栅格线不是唯一的可选项，这些老手经验丰富，基础扎实，他们懂得怎样去创新，懂得用新颖的设计完成目标。条条大路通罗马，他们会凭借自己的感觉去摸索成功的方式，而最终的效果却更出彩。栅格线与设计的关系可谓源远流长，对栅格线应用的熟练程度可以衡量一名设计师的水平。左图: 瑞士风格海报 by Josef Müller-Br', '<p>越来越多的网页设计师开始知道，进行布局设计时需要用到栅格线。但是对于老手来说，栅格线不是唯一的可选项，这些老手经验丰富，基础扎实，他们懂得怎样去创新，懂得用新颖的设计完成目标。条条大路通罗马，他们会凭借自己的感觉去摸索成功的方式，而最终的效果却更出彩。</p><p>栅格线与设计的关系可谓源远流长，对栅格线应用的熟练程度可以衡量一名设计师的水平。</p><p style=\"text-align:center;\"><img src=\"http://localhost/hdcms/upload/Content/2013/12/04/96231386121365.jpg\"/></p><p>左图: 瑞士风格海报 by&nbsp;<a target=\"_blank\" href=\"http://www.smashingmagazine.com/2009/07/17/lessons-from-swiss-style-graphic-design/\">Josef Müller-Brockmann</a>。右图: 后现代主义风格海报 by&nbsp;<a target=\"_blank\" href=\"http://www.moma.org/collection/browse_results.php?criteria=O:AD:E:6289&amp;page_number=7&amp;template_id=1&amp;sort_order=1\">Wolfgang Weingart</a></p><p>现代布局栅格线系统是由瑞士设计（又名国际主义平面设计风格）在20世纪早期确立的。</p><p>到了70年代，后现代风格影响了瑞士设计风格，瑞士风格一改过去僵化的栅格线系统，换之以更加灵活的栅格线布局。以完成更复杂、装饰更华丽的设计。后现代主义设计师从未抵制过栅格线系统，但是他们打破了限制。</p><p style=\"text-align:center;\"><img src=\"http://localhost/hdcms/upload/Content/2013/12/04/35211386121366.jpg\"/></p><p>左起：Sex Pistol&nbsp;<a target=\"_blank\" href=\"http://punkflyer.com/jamiereidartwork.html\">Album cover</a>&nbsp;by Jamie Reid,。Magazine, ‘<a target=\"_blank\" href=\"http://www.emigre.com/EMag.php?issue=17\">Emigre’ Spread</a>, ‘Ray Gun’&nbsp;<a target=\"_blank\" href=\"http://www.magspreads.net/p/interview-david-carson.html\">Magazine cover</a></p><p>还有一些平面设计师以新式风格继续推动着栅格线系统的发展，形成了诸如朋克、新浪潮、数字表现主义等新风格。一些设计师，比如David Carson，完全摒弃了栅格线。更多的是对栅格线系统理解基础上的改良、突破。</p><p>时至今日，栅格线系统依然重要。但是不要那么死板，脑子要活一点儿，还有很多设计的技法，尤其是以自由开放而著称的网页设计。</p><p style=\"text-align:center;\"><img src=\"http://localhost/hdcms/upload/Content/2013/12/04/17921386121367.jpg\"/></p><p>如图:&nbsp;<a target=\"_blank\" href=\"http://www.theamandaproject.com/about\">The Amanda Project</a>&nbsp;website,&nbsp;<a target=\"_blank\" href=\"http://www.edfella.com/\">Ed Fella’s</a>&nbsp;website, Kutztown&nbsp;<a target=\"_blank\" href=\"http://www.kutztown.edu/acad/commdes/\">Communications department website</a>,<a target=\"_blank\" href=\"http://www.mtv.com/\">MTV</a>‘s website</p><p>你看上面这些网页设计，都使用了栅格线系统，设计师”玩”的比谁都”溜”，他们会根据现有的情况，突破栅格线的限制，在不牺牲可用性的前提下，达到出色的视觉效果。</p><p>因\r\n此，要想掌握本文的技法，必须要有扎实的基本功，要对栅格线有充分的了解和心得。本文可不是新手向的文章，”要想跑，先会走”。同理，要想改造栅格线，必\r\n须先要掌握栅格线基础。什么叫做伟大的设计师？伟大的设计师便是：心中对基础和原则了如指掌，但又不墨守成规，根据实际情况与个人经验，打破规则，完成更\r\n美的设计。</p><p>废话不多说，看看这些设计师们是如何打破规则的吧。</p><h4>1.&nbsp;<a target=\"_blank\" href=\"http://www.festival-cannes.fr/en/festivalServices/downloads.html\">阶梯状布局</a></h4><p style=\"text-align:center;\"><img src=\"http://localhost/hdcms/upload/Content/2013/12/04/14481386121367.jpg\"/></p><p>阶梯状的字体布局富有后现代主义气息，配合相关的图像，能够达成与众不同的视觉效果。</p><h4>2.&nbsp;<a target=\"_blank\" href=\"http://www.nikeblog.com/2010/08/02/more-nike-women-ads-thighs-shoulders/\">适度倾斜</a></h4><p style=\"text-align:center;\"><img src=\"http://localhost/hdcms/upload/Content/2013/12/04/36941386121368.jpg\"/></p><p>性感的翘臀？性感的翘字？个性十足，遐想连篇。</p><h4>3.&nbsp;<a target=\"_blank\" href=\"http://indesignsecrets.com/the-dual-text-wrap-dilemma.php\">环绕形布局</a></h4><p style=\"text-align:center;\"><img src=\"http://localhost/hdcms/upload/Content/2013/12/04/93911386121370.png\"/></p><p>更好的图文结合、打造视觉焦点、充分利用空间，挖掘栅格线系统的潜力。</p><h4>4.&nbsp;<a target=\"_blank\" href=\"http://indofolio.com/\">插画元素</a></h4><p style=\"text-align:center;\"><img src=\"http://localhost/hdcms/upload/Content/2013/12/04/53581386121370.png\"/></p><p>栅格式布局太呆板？试着加入一点插画元素吧。让页面看起来更具娱乐性，更好的平衡美学与功能。</p>', '', '', '');
COMMIT;

-- ----------------------------
--  Table structure for `hd_content_flag`
-- ----------------------------
DROP TABLE IF EXISTS `hd_content_flag`;
CREATE TABLE `hd_content_flag` (
  `aid` int(11) unsigned NOT NULL COMMENT '文章id',
  `fid` mediumint(9) unsigned NOT NULL COMMENT '属性id',
  `cid` smallint(6) unsigned NOT NULL COMMENT '栏目ID'
) ENGINE=MyISAM DEFAULT CHARSET=utf8;

-- ----------------------------
--  Records of `hd_content_flag`
-- ----------------------------
BEGIN;
INSERT INTO `hd_content_flag` VALUES ('1', '4', '1'), ('2', '4', '1'), ('3', '4', '1'), ('4', '4', '1'), ('5', '4', '1'), ('6', '1', '2'), ('7', '1', '2'), ('8', '2', '2'), ('9', '2', '2'), ('10', '2', '2'), ('11', '4', '3'), ('12', '4', '3'), ('13', '4', '3'), ('14', '4', '3'), ('15', '4', '3'), ('11', '4', '3'), ('11', '3', '3'), ('12', '4', '3'), ('12', '3', '3'), ('15', '4', '3'), ('14', '4', '3'), ('14', '2', '3'), ('13', '4', '3'), ('7', '2', '2'), ('7', '3', '2'), ('7', '4', '2'), ('7', '4', '2'), ('6', '2', '2'), ('6', '3', '2'), ('6', '4', '2'), ('6', '4', '2'), ('8', '3', '2'), ('8', '4', '2'), ('8', '4', '2'), ('9', '3', '2'), ('9', '4', '2'), ('9', '4', '2'), ('10', '3', '2'), ('10', '4', '2'), ('10', '4', '2');
COMMIT;

-- ----------------------------
--  Table structure for `hd_extcredits`
-- ----------------------------
DROP TABLE IF EXISTS `hd_extcredits`;
CREATE TABLE `hd_extcredits` (
  `uid` int(10) unsigned DEFAULT NULL COMMENT '用户uid',
  `extcredits1` int(10) unsigned DEFAULT NULL COMMENT '积分1',
  `extcredits2` int(10) unsigned DEFAULT NULL COMMENT '积分2',
  `extcredits3` int(10) unsigned DEFAULT NULL COMMENT '积分3',
  `extcredits4` int(10) unsigned DEFAULT NULL,
  `extcredits5` int(10) unsigned DEFAULT NULL
) ENGINE=MyISAM DEFAULT CHARSET=utf8 COMMENT='用户积分表';

-- ----------------------------
--  Table structure for `hd_field`
-- ----------------------------
DROP TABLE IF EXISTS `hd_field`;
CREATE TABLE `hd_field` (
  `fid` mediumint(8) unsigned NOT NULL AUTO_INCREMENT,
  `mid` int(10) unsigned NOT NULL DEFAULT '0' COMMENT '模型ID',
  `show_type` varchar(45) NOT NULL DEFAULT '' COMMENT '字段类型 text|textarea|radio|checkbox|image|images|datetime|',
  `table_type` tinyint(1) NOT NULL DEFAULT '1',
  `table_name` varchar(30) NOT NULL DEFAULT '' COMMENT '所在表名',
  `field_name` varchar(45) NOT NULL DEFAULT '' COMMENT '字段name名称',
  `title` varchar(45) NOT NULL DEFAULT '' COMMENT '字段标题 ',
  `enable` tinyint(1) NOT NULL DEFAULT '1' COMMENT '1 开启 0 关闭',
  `is_system` tinyint(1) NOT NULL DEFAULT '0' COMMENT '是否为系统字段',
  `fieldsort` smallint(6) NOT NULL DEFAULT '0' COMMENT '字段排序',
  `member_show` tinyint(1) NOT NULL DEFAULT '1',
  `set` text NOT NULL COMMENT '字段设置',
  PRIMARY KEY (`fid`),
  KEY `mid` (`mid`)
) ENGINE=MyISAM AUTO_INCREMENT=160 DEFAULT CHARSET=utf8 COMMENT='模型字段';

-- ----------------------------
--  Records of `hd_field`
-- ----------------------------
BEGIN;
INSERT INTO `hd_field` VALUES ('1', '3', 'input', '1', 'video', 'video_url', '视频地址', '1', '0', '0', '1', 'array (\n  \'message\' => \'\',\n  \'size\' => \'300\',\n  \'default\' => \'\',\n  \'ispasswd\' => \'0\',\n  \'css\' => \'\',\n  \'validation\' => \'false\',\n  \'required\' => \'0\',\n  \'error\' => \'\',\n  \'width\' => \'\',\n  \'height\' => \'\',\n  \'options\' => \'\',\n)'), ('2', '3', 'input', '1', 'video', 'download', '下载地址', '1', '0', '0', '1', 'array (\n  \'message\' => \'\',\n  \'size\' => \'300\',\n  \'default\' => \'\',\n  \'ispasswd\' => \'0\',\n  \'css\' => \'\',\n  \'validation\' => \'false\',\n  \'required\' => \'0\',\n  \'error\' => \'\',\n  \'width\' => \'\',\n  \'height\' => \'\',\n  \'options\' => \'\',\n)'), ('64', '16', 'editor', '1', 'stu_notice', 'content', '内容', '1', '0', '0', '1', 'array (\n  \'type\' => \'full\',\n  \'default\' => \'\',\n  \'height\' => \'200\',\n)'), ('59', '6', 'select', '1', 'project', 'pro_language', '开发语言', '1', '0', '3', '1', 'array (\n  \'message\' => \'\',\n  \'options\' => \'PHP|1,Linux|2\',\n  \'form_type\' => \'radio\',\n  \'default\' => \'1\',\n  \'error\' => \'\',\n  \'css\' => \'\',\n  \'validation\' => \'false\',\n  \'width\' => \'\',\n  \'height\' => \'\',\n  \'required\' => \'\',\n)'), ('71', '6', 'image', '1', 'project', 'pro_pic1', '项目截图1', '1', '0', '7', '1', 'array (\n  \'message\' => \'\',\n  \'width\' => \'200\',\n  \'height\' => \'200\',\n  \'water\' => \'0\',\n  \'error\' => \'\',\n  \'css\' => \'\',\n  \'validation\' => \'false\',\n  \'default\' => \'\',\n  \'required\' => \'\',\n  \'options\' => \'\',\n)'), ('10', '6', 'input', '1', 'project', 'pro_download', '下载地址', '1', '0', '4', '1', 'array (\n  \'message\' => \'\',\n  \'size\' => \'300\',\n  \'default\' => \'\',\n  \'ispasswd\' => \'0\',\n  \'css\' => \'\',\n  \'validation\' => \'false\',\n  \'required\' => \'0\',\n  \'error\' => \'\',\n  \'width\' => \'\',\n  \'height\' => \'\',\n  \'options\' => \'\',\n)'), ('67', '19', 'image', '1', 'kaixue', 'pic', '照片', '1', '0', '0', '1', 'array (\n  \'message\' => \'\',\n  \'width\' => \'200\',\n  \'height\' => \'200\',\n  \'water\' => \'0\',\n  \'error\' => \'\',\n  \'css\' => \'\',\n  \'validation\' => \'false\',\n  \'default\' => \'\',\n  \'required\' => \'\',\n  \'options\' => \'\',\n)'), ('12', '6', 'image', '1', 'project', 'pro_pic2', '项目截图2', '1', '0', '8', '1', 'array (\n  \'message\' => \'\',\n  \'width\' => \'200\',\n  \'height\' => \'200\',\n  \'water\' => \'0\',\n  \'error\' => \'\',\n  \'css\' => \'\',\n  \'validation\' => \'false\',\n  \'default\' => \'\',\n  \'required\' => \'\',\n  \'options\' => \'\',\n)'), ('63', '15', 'image', '1', 'wozaihoudun', 'thumbnail', '缩略图', '1', '0', '0', '1', 'array (\n  \'upload_size\' => \'5\',\n  \'allow_upload_type\' => \'*.gif;*.jpg;*.png;*.jpeg\',\n  \'default\' => \'\',\n)'), ('76', '20', 'input', '1', 'lesson_table', 'lesson', '课程表', '1', '0', '0', '1', 'array (\n  \'message\' => \'\',\n  \'size\' => \'300\',\n  \'default\' => \'\',\n  \'ispasswd\' => \'0\',\n  \'css\' => \'\',\n  \'validation\' => \'false\',\n  \'required\' => \'0\',\n  \'error\' => \'\',\n  \'width\' => \'\',\n  \'height\' => \'\',\n  \'options\' => \'\',\n)'), ('27', '8', 'editor', '1', 'stu_notice', 'content', '日志内容', '1', '0', '0', '1', 'array (\n  \'type\' => \'full\',\n  \'default\' => \'\',\n  \'height\' => \'200\',\n)'), ('69', '12', 'date', '1', 'course', 'lesson_time', '开课时间', '1', '0', '0', '1', 'array (\n  \'message\' => \'\',\n  \'format\' => \'0\',\n  \'error\' => \'\',\n  \'css\' => \'\',\n  \'validation\' => \'false\',\n  \'width\' => \'\',\n  \'height\' => \'\',\n  \'default\' => \'\',\n  \'required\' => \'\',\n  \'options\' => \'\',\n)'), ('75', '20', 'input', '1', 'lesson_table', 'advert', '广告词', '1', '0', '0', '1', 'array (\n  \'message\' => \'\',\n  \'size\' => \'400\',\n  \'default\' => \'\',\n  \'ispasswd\' => \'0\',\n  \'css\' => \'\',\n  \'validation\' => \'false\',\n  \'required\' => \'0\',\n  \'error\' => \'\',\n  \'width\' => \'\',\n  \'height\' => \'\',\n  \'options\' => \'\',\n)'), ('66', '18', 'editor', '1', 'stu_notice', 'content', '内容', '1', '0', '0', '1', 'array (\n  \'message\' => \'\',\n  \'height\' => \'200\',\n  \'default\' => \'\',\n  \'error\' => \'\',\n  \'css\' => \'\',\n  \'validation\' => \'false\',\n  \'width\' => \'\',\n  \'required\' => \'\',\n  \'options\' => \'\',\n)'), ('77', '19', 'input', '1', 'kaixue', 'pic_swf', '视频地址', '1', '0', '0', '1', 'array (\n  \'message\' => \'\',\n  \'size\' => \'300\',\n  \'default\' => \'\',\n  \'ispasswd\' => \'0\',\n  \'css\' => \'\',\n  \'validation\' => \'false\',\n  \'required\' => \'0\',\n  \'error\' => \'\',\n  \'width\' => \'\',\n  \'height\' => \'\',\n  \'options\' => \'\',\n)'), ('78', '7', 'image', '1', 'ofschool', 'photo', '工作照片', '1', '0', '0', '1', 'array (\n  \'message\' => \'\',\n  \'width\' => \'500\',\n  \'height\' => \'500\',\n  \'water\' => \'0\',\n  \'error\' => \'\',\n  \'css\' => \'\',\n  \'validation\' => \'false\',\n  \'default\' => \'\',\n  \'required\' => \'\',\n  \'options\' => \'\',\n)'), ('80', '21', 'textarea', '1', 'ask', 'reply', '回答', '1', '0', '0', '1', 'array (\n  \'message\' => \'\',\n  \'width\' => \'500\',\n  \'height\' => \'100\',\n  \'default\' => \'\',\n  \'css\' => \'\',\n  \'validation\' => \'false\',\n  \'error\' => \'\',\n  \'required\' => \'\',\n  \'options\' => \'\',\n)'), ('151', '86', 'editor', '2', 'test_data', 'edit', 'edit', '1', '0', '0', '1', 'array (\n  \'message\' => \'\',\n  \'height\' => \'100\',\n  \'default\' => \'edit\',\n  \'error\' => \'\',\n  \'css\' => \'\',\n  \'validation\' => \'false\',\n  \'width\' => \'\',\n  \'required\' => \'\',\n  \'options\' => \'\',\n)'), ('146', '86', 'input', '2', 'test_data', 'input', 'input', '1', '0', '0', '1', 'array (\n  \'message\' => \'\',\n  \'size\' => \'30\',\n  \'default\' => \'\',\n  \'ispasswd\' => \'0\',\n  \'css\' => \'\',\n  \'validation\' => \'false\',\n  \'required\' => \'0\',\n  \'error\' => \'\',\n  \'width\' => \'\',\n  \'height\' => \'\',\n  \'options\' => \'\',\n)'), ('147', '86', 'textarea', '2', 'test_data', 'textarea', 'textarea', '1', '0', '0', '1', 'array (\n  \'message\' => \'\',\n  \'width\' => \'500\',\n  \'height\' => \'100\',\n  \'default\' => \'textarea\',\n  \'css\' => \'\',\n  \'validation\' => \'false\',\n  \'required\' => \'0\',\n  \'error\' => \'\',\n  \'options\' => \'\',\n)'), ('148', '86', 'number', '2', 'test_data', 'num', 'num', '1', '0', '0', '1', 'array (\n  \'message\' => \'num\',\n  \'num_integer\' => \'6\',\n  \'num_decimal\' => \'2\',\n  \'size\' => \'30\',\n  \'default\' => \'\',\n  \'css\' => \'\',\n  \'validation\' => \'false\',\n  \'required\' => \'0\',\n  \'error\' => \'\',\n  \'width\' => \'\',\n  \'height\' => \'\',\n  \'options\' => \'\',\n)'), ('149', '86', 'select', '2', 'test_data', 'select', 'select', '1', '0', '0', '1', 'array (\n  \'message\' => \'\',\n  \'options\' => \'男|1,女|2\',\n  \'form_type\' => \'checkbox\',\n  \'default\' => \'\',\n  \'error\' => \'\',\n  \'css\' => \'\',\n  \'validation\' => \'false\',\n  \'width\' => \'\',\n  \'height\' => \'\',\n  \'required\' => \'\',\n)'), ('152', '86', 'images', '2', 'test_data', 'images', 'images', '1', '0', '0', '1', 'array (\n  \'message\' => \'\',\n  \'input_width\' => \'100\',\n  \'width\' => \'260\',\n  \'height\' => \'260\',\n  \'num\' => \'10\',\n  \'ispasswd\' => \'1\',\n  \'error\' => \'\',\n  \'css\' => \'\',\n  \'validation\' => \'false\',\n  \'default\' => \'\',\n  \'required\' => \'\',\n  \'options\' => \'\',\n)'), ('153', '86', 'date', '2', 'test_data', 'time', 'time', '1', '0', '0', '1', 'array (\n  \'message\' => \'\',\n  \'format\' => \'1\',\n  \'error\' => \'\',\n  \'css\' => \'\',\n  \'validation\' => \'false\',\n  \'width\' => \'\',\n  \'height\' => \'\',\n  \'default\' => \'\',\n  \'required\' => \'\',\n  \'options\' => \'\',\n)'), ('154', '86', 'image', '2', 'test_data', 'image', 'image', '1', '0', '0', '1', 'array (\n  \'message\' => \'\',\n  \'width\' => \'260\',\n  \'height\' => \'260\',\n  \'ispasswd\' => \'1\',\n  \'error\' => \'\',\n  \'css\' => \'\',\n  \'validation\' => \'false\',\n  \'default\' => \'\',\n  \'required\' => \'\',\n  \'options\' => \'\',\n)'), ('159', '1', 'input', '2', 'content_data', 'nametc', '名称', '1', '0', '0', '1', 'array (\n  \'message\' => \'输入英文小写字母\',\n  \'size\' => \'300\',\n  \'default\' => \'\',\n  \'ispasswd\' => \'0\',\n  \'css\' => \'\',\n  \'validation\' => \'/^(http[s]?:)?(\\\\/{2})?([a-z0-9]+\\\\.)?[a-z0-9]+(\\\\.(com|cn|cc|org|net|com.cn))$/i\',\n  \'required\' => \'0\',\n  \'error\' => \'\',\n  \'width\' => \'\',\n  \'height\' => \'\',\n  \'options\' => \'\',\n)');
COMMIT;

-- ----------------------------
--  Table structure for `hd_flag`
-- ----------------------------
DROP TABLE IF EXISTS `hd_flag`;
CREATE TABLE `hd_flag` (
  `fid` mediumint(8) unsigned NOT NULL AUTO_INCREMENT,
  `flagname` char(20) NOT NULL,
  `system` tinyint(1) unsigned NOT NULL DEFAULT '0' COMMENT '1 系统属性(不能删除)  2 用户定义属性',
  PRIMARY KEY (`fid`)
) ENGINE=MyISAM AUTO_INCREMENT=6 DEFAULT CHARSET=utf8;

-- ----------------------------
--  Records of `hd_flag`
-- ----------------------------
BEGIN;
INSERT INTO `hd_flag` VALUES ('1', '热门', '1'), ('2', '置顶', '1'), ('3', '推荐', '1'), ('4', '图片', '1');
COMMIT;

-- ----------------------------
--  Table structure for `hd_member_group`
-- ----------------------------
DROP TABLE IF EXISTS `hd_member_group`;
CREATE TABLE `hd_member_group` (
  `gid` smallint(5) unsigned NOT NULL AUTO_INCREMENT COMMENT '会员组id',
  `is_system` smallint(5) unsigned NOT NULL DEFAULT '2' COMMENT '1 系统组 2 普通组',
  `point` mediumint(8) unsigned NOT NULL DEFAULT '0' COMMENT '积分<=时为此会员组',
  `allowpost` smallint(1) NOT NULL COMMENT '允许投稿  1 允许 2 不允许',
  `allowpostverify` smallint(1) NOT NULL COMMENT '投稿不需要审核  1 不需要  2 需要',
  `allowsendmessage` smallint(1) NOT NULL COMMENT '允许发短消息  1 允许  2 不允许',
  `description` varchar(255) NOT NULL COMMENT '用户组描述',
  `gname` char(30) NOT NULL COMMENT '会员组名称',
  PRIMARY KEY (`gid`)
) ENGINE=InnoDB AUTO_INCREMENT=6 DEFAULT CHARSET=utf8;

-- ----------------------------
--  Records of `hd_member_group`
-- ----------------------------
BEGIN;
INSERT INTO `hd_member_group` VALUES ('2', '1', '100', '1', '0', '0', '新手上路', '新手上路'), ('3', '1', '200', '1', '0', '0', '中级会员 	', '中级会员 	'), ('4', '1', '300', '1', '0', '0', '高级会员', '高级会员'), ('5', '1', '500', '1', '1', '1', '', '钻石会员');
COMMIT;

-- ----------------------------
--  Table structure for `hd_model`
-- ----------------------------
DROP TABLE IF EXISTS `hd_model`;
CREATE TABLE `hd_model` (
  `mid` int(10) unsigned NOT NULL AUTO_INCREMENT COMMENT '主键',
  `model_name` char(30) NOT NULL DEFAULT '' COMMENT '模型名称',
  `tablename` char(20) NOT NULL DEFAULT '' COMMENT '主表名',
  `enable` tinyint(1) NOT NULL DEFAULT '1' COMMENT '禁用 1 开启 0 关闭',
  `description` varchar(45) NOT NULL DEFAULT '' COMMENT '模型描述',
  `control` char(30) NOT NULL COMMENT '处理程序（控制器）',
  `type` tinyint(1) NOT NULL DEFAULT '1' COMMENT '1 基本模型 主、附表     2 独立模型 只有主表',
  `is_submit` tinyint(1) NOT NULL DEFAULT '1' COMMENT '1 允许投稿 2 不允许投稿',
  `m_order` smallint(5) unsigned NOT NULL DEFAULT '0' COMMENT '排序',
  `is_system` tinyint(1) unsigned NOT NULL DEFAULT '0' COMMENT '1 系统模型  2 普通模型',
  PRIMARY KEY (`mid`)
) ENGINE=MyISAM AUTO_INCREMENT=89 DEFAULT CHARSET=utf8 COMMENT='模型表';

-- ----------------------------
--  Records of `hd_model`
-- ----------------------------
BEGIN;
INSERT INTO `hd_model` VALUES ('1', '普通文章', 'content', '1', '', 'Content', '1', '0', '0', '0');
COMMIT;

-- ----------------------------
--  Table structure for `hd_node`
-- ----------------------------
DROP TABLE IF EXISTS `hd_node`;
CREATE TABLE `hd_node` (
  `nid` smallint(6) NOT NULL AUTO_INCREMENT,
  `title` char(30) NOT NULL DEFAULT '' COMMENT '中文标题',
  `app` char(30) NOT NULL DEFAULT '' COMMENT '应用',
  `control` char(30) NOT NULL DEFAULT '' COMMENT '控制器',
  `method` char(30) NOT NULL DEFAULT '' COMMENT '方法',
  `param` char(100) NOT NULL DEFAULT '' COMMENT '参数',
  `comment` varchar(255) NOT NULL DEFAULT '' COMMENT '备注',
  `status` tinyint(1) NOT NULL DEFAULT '1' COMMENT '状态 1 显示 0 不显示',
  `menu_type` tinyint(1) NOT NULL DEFAULT '1' COMMENT '类型 1 权限+菜单   2 普通菜单 ',
  `pid` smallint(6) NOT NULL DEFAULT '0',
  `list_order` smallint(6) NOT NULL DEFAULT '0',
  `is_system` tinyint(1) DEFAULT '0' COMMENT '系统菜单 1 是  0 不是',
  `favorite` tinyint(1) unsigned DEFAULT '0' COMMENT '0 普通 1 常用 ',
  `level` tinyint(1) DEFAULT '1',
  PRIMARY KEY (`nid`)
) ENGINE=MyISAM AUTO_INCREMENT=61 DEFAULT CHARSET=utf8;

-- ----------------------------
--  Records of `hd_node`
-- ----------------------------
BEGIN;
INSERT INTO `hd_node` VALUES ('1', '内容', '', '', '', '', '', '1', '1', '0', '0', '1', '0', '1'), ('2', '内容管理', '', '', '', '', '', '1', '1', '1', '6', '1', '0', '2'), ('16', '系统', '', '', '', '', '', '1', '1', '0', '0', '1', '0', '1'), ('21', '后台菜单管理', 'Hdcms', 'Node', 'index', '', '', '1', '1', '19', '0', '1', '0', '3'), ('3', '附件管理', 'Upload', 'Index', 'index', '', '', '1', '1', '2', '0', '1', '0', '1'), ('12', '数据备份', 'Backup', 'Backup', 'index', '', '', '1', '1', '10', '0', '1', '1', '3'), ('10', '内容相关管理', '', '', '', '', '', '1', '1', '1', '4', '1', '0', '2'), ('13', '栏目管理', 'Category', 'Category', 'index', '', '', '1', '1', '10', '0', '1', '1', '3'), ('14', '模型管理', 'Model', 'Model', 'index', '', '', '1', '1', '10', '0', '1', '0', '3'), ('15', '推荐位管理', 'Content', 'Flag', 'index', '', '', '1', '1', '10', '0', '1', '0', '3'), ('19', '系统设置', '', '', '', '', '', '1', '1', '16', '0', '1', '0', '2'), ('4', '管理内容', 'Content', 'Content', 'index', '', '', '1', '1', '2', '1', '1', '1', '3'), ('11', '管理员设置', '', '', '', '', '', '1', '1', '16', '0', '1', '0', '2'), ('17', '管理员管理', 'Admin', 'Admin', 'index', '', '', '1', '1', '11', '0', '1', '0', '3'), ('18', '角色管理', 'Admin', 'Role', 'index', '', '', '1', '1', '11', '0', '1', '0', '3'), ('20', '网站配置', 'Hdcms', 'Config', 'edit', '', '', '1', '1', '19', '5', '1', '0', '3'), ('5', '生成静态', '', '', '', '', '', '1', '1', '1', '5', '1', '0', '2'), ('6', '批量更新栏目页', 'Html', 'Html', 'batch_category', '&', '', '1', '1', '5', '4', '1', '0', '1'), ('8', '生成首页', 'Html', 'Html', 'create_index', '&', '', '1', '1', '5', '5', '1', '0', '1'), ('9', '批量更新内容页', 'Html', 'Html', 'batch_content', '&', '', '1', '1', '5', '3', '1', '0', '1'), ('28', '修改密码', 'Admin', 'AdminManage', 'edit_password', '&', '', '1', '1', '2', '0', '1', '0', '1'), ('27', '修改个人信息', 'Admin', 'AdminManage', 'edit_info', '', '', '1', '1', '29', '1', '1', '0', '3'), ('26', '我的面板', '', '', '', '', '', '1', '1', '0', '10', '1', '0', '1'), ('29', '个人信息', '', '', '', '', '', '1', '1', '26', '0', '1', '0', '2'), ('40', '标签管理', 'Template', 'Tag', 'index', '', '', '1', '1', '37', '0', '1', '0', '1'), ('30', '会员', '', '', '', '', '', '1', '1', '0', '0', '1', '0', '1'), ('31', '会员管理', '', '', '', '', '', '1', '1', '30', '0', '1', '0', '2'), ('32', '会员管理', 'Member', 'Member', 'index', '', '', '1', '1', '31', '0', '1', '0', '1'), ('33', '审核会员', 'Member', 'Member', 'verify', '', '', '1', '1', '31', '0', '1', '0', '1'), ('34', '会员组管理', '', '', '', '', '', '1', '1', '30', '0', '1', '0', '2'), ('35', '管理会员组', 'Member', 'Group', 'index', '', '', '1', '1', '34', '0', '1', '0', '1'), ('36', '模板', '', '', '', '', '', '1', '1', '0', '0', '1', '0', '1'), ('37', '模板管理', '', '', '', '', '', '1', '1', '36', '0', '1', '0', '2'), ('38', '模板风格', 'Template', 'Style', 'index', '', '', '1', '1', '37', '0', '1', '0', '1'), ('39', '模板文件', 'Template', 'Style', 'show_dir', '', '', '1', '1', '37', '0', '1', '0', '1');
COMMIT;

-- ----------------------------
--  Table structure for `hd_role`
-- ----------------------------
DROP TABLE IF EXISTS `hd_role`;
CREATE TABLE `hd_role` (
  `rid` smallint(5) NOT NULL AUTO_INCREMENT,
  `rname` char(60) NOT NULL DEFAULT '',
  `pid` smallint(5) NOT NULL DEFAULT '0',
  `title` varchar(100) NOT NULL DEFAULT '',
  `creditslower` int(255) NOT NULL DEFAULT '0' COMMENT '当前角色积分最小值',
  `is_admin` tinyint(1) DEFAULT '2' COMMENT '1 管理组  2 会员组',
  PRIMARY KEY (`rid`),
  KEY `gid` (`rid`)
) ENGINE=MyISAM AUTO_INCREMENT=4 DEFAULT CHARSET=utf8;

-- ----------------------------
--  Records of `hd_role`
-- ----------------------------
BEGIN;
INSERT INTO `hd_role` VALUES ('1', '超级管理员', '0', '超级管理员', '0', '1'), ('2', '编辑', '0', '内容编辑', '0', '1'), ('3', '发布人员', '0', '发布人员', '0', '1');
COMMIT;

-- ----------------------------
--  Table structure for `hd_session`
-- ----------------------------
DROP TABLE IF EXISTS `hd_session`;
CREATE TABLE `hd_session` (
  `sessid` char(32) NOT NULL DEFAULT '',
  `data` text,
  `atime` int(10) NOT NULL DEFAULT '0',
  `ip` char(15) NOT NULL DEFAULT '',
  PRIMARY KEY (`sessid`)
) ENGINE=MyISAM DEFAULT CHARSET=utf8;

-- ----------------------------
--  Records of `hd_session`
-- ----------------------------
BEGIN;
INSERT INTO `hd_session` VALUES ('fea57j8uh3i03q8rafbsj6khm3', 'history|s:32:\"http://localhost/hdcms/index.php\";', '1386167430', '0.0.0.0');
COMMIT;

-- ----------------------------
--  Table structure for `hd_template_tag`
-- ----------------------------
DROP TABLE IF EXISTS `hd_template_tag`;
CREATE TABLE `hd_template_tag` (
  `tid` int(10) unsigned NOT NULL AUTO_INCREMENT,
  `tag_name` char(60) NOT NULL DEFAULT '' COMMENT '标签名',
  `option` mediumtext NOT NULL COMMENT '标签选项',
  `content` text NOT NULL COMMENT '标签内容',
  `updatetime` int(10) DEFAULT NULL COMMENT '标签修改时间',
  PRIMARY KEY (`tid`)
) ENGINE=MyISAM DEFAULT CHARSET=utf8;

-- ----------------------------
--  Table structure for `hd_upload`
-- ----------------------------
DROP TABLE IF EXISTS `hd_upload`;
CREATE TABLE `hd_upload` (
  `id` int(10) unsigned NOT NULL AUTO_INCREMENT COMMENT '文章ID',
  `aid` int(11) unsigned NOT NULL DEFAULT '0' COMMENT '文章id',
  `mid` smallint(5) unsigned NOT NULL DEFAULT '0' COMMENT '模型ID',
  `cid` smallint(5) unsigned NOT NULL DEFAULT '0' COMMENT '栏目cid',
  `name` varchar(100) NOT NULL DEFAULT '' COMMENT '文件名',
  `filename` varchar(100) NOT NULL DEFAULT '',
  `path` char(200) NOT NULL DEFAULT '' COMMENT '文件路径 ',
  `ext` varchar(45) NOT NULL DEFAULT '' COMMENT '扩展名',
  `isimage` tinyint(1) NOT NULL DEFAULT '1' COMMENT '图片',
  `size` mediumint(8) unsigned NOT NULL DEFAULT '0' COMMENT '文件大小',
  `uptime` int(10) NOT NULL DEFAULT '0' COMMENT '上传时间',
  `uid` int(10) unsigned NOT NULL DEFAULT '0' COMMENT '用户ID',
  PRIMARY KEY (`id`),
  KEY `aid` (`id`)
) ENGINE=MyISAM AUTO_INCREMENT=97 DEFAULT CHARSET=utf8 COMMENT='上传文件';

-- ----------------------------
--  Records of `hd_upload`
-- ----------------------------
BEGIN;
INSERT INTO `hd_upload` VALUES ('1', '1', '1', '1', '93371386120624.jpg', '', 'upload/Content/2013/12/04/93371386120624.jpg', 'jpg', '1', '25742', '1386120624', '1'), ('2', '1', '1', '1', '28101386120624.jpg', '', 'upload/Content/2013/12/04/28101386120624.jpg', 'jpg', '1', '25742', '1386120624', '1'), ('3', '2', '1', '1', '81791386120655.jpg', '', 'upload/Content/2013/12/04/81791386120655.jpg', 'jpg', '1', '36429', '1386120655', '1'), ('4', '2', '1', '1', '28091386120655.jpg', '', 'upload/Content/2013/12/04/28091386120655.jpg', 'jpg', '1', '36429', '1386120655', '1'), ('5', '3', '1', '1', '26991386120672.jpg', '', 'upload/Content/2013/12/04/26991386120672.jpg', 'jpg', '1', '36333', '1386120672', '1'), ('6', '3', '1', '1', '68611386120673.jpg', '', 'upload/Content/2013/12/04/68611386120673.jpg', 'jpg', '1', '36333', '1386120673', '1'), ('7', '4', '1', '1', '98621386120686.jpg', '', 'upload/Content/2013/12/04/98621386120686.jpg', 'jpg', '1', '131952', '1386120686', '1'), ('8', '4', '1', '1', '60121386120687.jpg', '', 'upload/Content/2013/12/04/60121386120687.jpg', 'jpg', '1', '131952', '1386120687', '1'), ('9', '5', '1', '1', '25001386120714.jpg', '', 'upload/Content/2013/12/04/25001386120714.jpg', 'jpg', '1', '40697', '1386120714', '1'), ('10', '5', '1', '1', '62191386120715.jpg', '', 'upload/Content/2013/12/04/62191386120715.jpg', 'jpg', '1', '40697', '1386120715', '1'), ('11', '6', '1', '1', '21491386121101.jpg', '', 'upload/Content/2013/12/04/21491386121101.jpg', 'jpg', '1', '129679', '1386121101', '1'), ('12', '6', '1', '1', '70391386121101.jpg', '', 'upload/Content/2013/12/04/70391386121101.jpg', 'jpg', '1', '129679', '1386121101', '1'), ('13', '7', '1', '1', '67781386121121.jpg', '', 'upload/Content/2013/12/04/67781386121121.jpg', 'jpg', '1', '114845', '1386121121', '1'), ('14', '7', '1', '1', '48221386121122.jpg', '', 'upload/Content/2013/12/04/48221386121122.jpg', 'jpg', '1', '114845', '1386121122', '1'), ('15', '7', '1', '1', '1421386121122.png', '', 'upload/Content/2013/12/04/1421386121122.png', 'png', '1', '35029', '1386121122', '1'), ('16', '7', '1', '1', '12881386121123.png', '', 'upload/Content/2013/12/04/12881386121123.png', 'png', '1', '10285', '1386121123', '1'), ('17', '7', '1', '1', '50001386121123.png', '', 'upload/Content/2013/12/04/50001386121123.png', 'png', '1', '10003', '1386121123', '1'), ('18', '7', '1', '1', '20281386121124.png', '', 'upload/Content/2013/12/04/20281386121124.png', 'png', '1', '21516', '1386121124', '1'), ('19', '7', '1', '1', '23131386121124.png', '', 'upload/Content/2013/12/04/23131386121124.png', 'png', '1', '14768', '1386121124', '1'), ('20', '7', '1', '1', '50251386121126.png', '', 'upload/Content/2013/12/04/50251386121126.png', 'png', '1', '32804', '1386121126', '1'), ('21', '8', '1', '1', '39481386121146.jpg', '', 'upload/Content/2013/12/04/39481386121146.jpg', 'jpg', '1', '178211', '1386121146', '1'), ('22', '8', '1', '1', '89341386121146.jpg', '', 'upload/Content/2013/12/04/89341386121146.jpg', 'jpg', '1', '178211', '1386121146', '1'), ('23', '8', '1', '1', '58111386121147.png', '', 'upload/Content/2013/12/04/58111386121147.png', 'png', '1', '28571', '1386121147', '1'), ('24', '8', '1', '1', '24661386121147.png', '', 'upload/Content/2013/12/04/24661386121147.png', 'png', '1', '125886', '1386121147', '1'), ('25', '8', '1', '1', '981386121148.png', '', 'upload/Content/2013/12/04/981386121148.png', 'png', '1', '40380', '1386121148', '1'), ('26', '8', '1', '1', '96481386121149.png', '', 'upload/Content/2013/12/04/96481386121149.png', 'png', '1', '35983', '1386121149', '1'), ('27', '8', '1', '1', '45241386121149.png', '', 'upload/Content/2013/12/04/45241386121149.png', 'png', '1', '30495', '1386121149', '1'), ('28', '8', '1', '1', '1931386121150.png', '', 'upload/Content/2013/12/04/1931386121150.png', 'png', '1', '108713', '1386121150', '1'), ('29', '9', '1', '1', '13701386121172.jpg', '', 'upload/Content/2013/12/04/13701386121172.jpg', 'jpg', '1', '82424', '1386121172', '1'), ('30', '9', '1', '1', '28571386121173.jpg', '', 'upload/Content/2013/12/04/28571386121173.jpg', 'jpg', '1', '82424', '1386121173', '1'), ('31', '9', '1', '1', '89281386121174.jpg', '', 'upload/Content/2013/12/04/89281386121174.jpg', 'jpg', '1', '238663', '1386121174', '1'), ('32', '9', '1', '1', '26011386121174.jpg', '', 'upload/Content/2013/12/04/26011386121174.jpg', 'jpg', '1', '23662', '1386121174', '1'), ('33', '9', '1', '1', '86191386121175.jpg', '', 'upload/Content/2013/12/04/86191386121175.jpg', 'jpg', '1', '231285', '1386121175', '1'), ('34', '9', '1', '1', '7311386121176.jpg', '', 'upload/Content/2013/12/04/7311386121176.jpg', 'jpg', '1', '147187', '1386121176', '1'), ('35', '9', '1', '1', '14651386121177.jpg', '', 'upload/Content/2013/12/04/14651386121177.jpg', 'jpg', '1', '303393', '1386121177', '1'), ('36', '9', '1', '1', '10451386121177.jpg', '', 'upload/Content/2013/12/04/10451386121177.jpg', 'jpg', '1', '18348', '1386121177', '1'), ('37', '9', '1', '1', '6441386121178.jpg', '', 'upload/Content/2013/12/04/6441386121178.jpg', 'jpg', '1', '149258', '1386121178', '1'), ('38', '9', '1', '1', '43121386121178.jpg', '', 'upload/Content/2013/12/04/43121386121178.jpg', 'jpg', '1', '122679', '1386121178', '1'), ('39', '9', '1', '1', '96131386121179.jpg', '', 'upload/Content/2013/12/04/96131386121179.jpg', 'jpg', '1', '58844', '1386121179', '1'), ('40', '9', '1', '1', '69841386121180.jpg', '', 'upload/Content/2013/12/04/69841386121180.jpg', 'jpg', '1', '72313', '1386121180', '1'), ('41', '10', '1', '1', '41811386121195.jpg', '', 'upload/Content/2013/12/04/41811386121195.jpg', 'jpg', '1', '33083', '1386121195', '1'), ('42', '10', '1', '1', '12841386121195.jpg', '', 'upload/Content/2013/12/04/12841386121195.jpg', 'jpg', '1', '33083', '1386121195', '1'), ('43', '10', '1', '1', '98961386121195.jpg', '', 'upload/Content/2013/12/04/98961386121195.jpg', 'jpg', '1', '23978', '1386121195', '1'), ('44', '10', '1', '1', '52441386121196.jpg', '', 'upload/Content/2013/12/04/52441386121196.jpg', 'jpg', '1', '109325', '1386121196', '1'), ('45', '10', '1', '1', '74881386121196.jpg', '', 'upload/Content/2013/12/04/74881386121196.jpg', 'jpg', '1', '44833', '1386121196', '1'), ('46', '10', '1', '1', '50351386121197.jpg', '', 'upload/Content/2013/12/04/50351386121197.jpg', 'jpg', '1', '107439', '1386121197', '1'), ('47', '10', '1', '1', '77801386121198.jpg', '', 'upload/Content/2013/12/04/77801386121198.jpg', 'jpg', '1', '119047', '1386121198', '1'), ('48', '10', '1', '1', '89491386121198.jpg', '', 'upload/Content/2013/12/04/89491386121198.jpg', 'jpg', '1', '81883', '1386121198', '1'), ('49', '10', '1', '1', '51351386121199.jpg', '', 'upload/Content/2013/12/04/51351386121199.jpg', 'jpg', '1', '79860', '1386121199', '1'), ('50', '10', '1', '1', '82461386121200.jpg', '', 'upload/Content/2013/12/04/82461386121200.jpg', 'jpg', '1', '178737', '1386121200', '1'), ('51', '10', '1', '1', '26241386121200.jpg', '', 'upload/Content/2013/12/04/26241386121200.jpg', 'jpg', '1', '33352', '1386121200', '1'), ('52', '10', '1', '1', '54451386121201.jpg', '', 'upload/Content/2013/12/04/54451386121201.jpg', 'jpg', '1', '84900', '1386121201', '1'), ('53', '11', '1', '1', '32091386121258.jpg', '', 'upload/Content/2013/12/04/32091386121258.jpg', 'jpg', '1', '38084', '1386121258', '1'), ('54', '11', '1', '1', '3891386121258.jpg', '', 'upload/Content/2013/12/04/3891386121258.jpg', 'jpg', '1', '38084', '1386121258', '1'), ('55', '11', '1', '1', '63861386121258.jpg', '', 'upload/Content/2013/12/04/63861386121258.jpg', 'jpg', '1', '51679', '1386121258', '1'), ('56', '11', '1', '1', '17881386121259.jpg', '', 'upload/Content/2013/12/04/17881386121259.jpg', 'jpg', '1', '51686', '1386121259', '1'), ('57', '11', '1', '1', '97971386121259.jpg', '', 'upload/Content/2013/12/04/97971386121259.jpg', 'jpg', '1', '27032', '1386121259', '1'), ('58', '11', '1', '1', '9271386121260.jpg', '', 'upload/Content/2013/12/04/9271386121260.jpg', 'jpg', '1', '33077', '1386121260', '1'), ('59', '11', '1', '1', '22971386121260.jpg', '', 'upload/Content/2013/12/04/22971386121260.jpg', 'jpg', '1', '39350', '1386121260', '1'), ('60', '11', '1', '1', '28541386121261.jpg', '', 'upload/Content/2013/12/04/28541386121261.jpg', 'jpg', '1', '62851', '1386121261', '1'), ('61', '11', '1', '1', '3891386121261.jpg', '', 'upload/Content/2013/12/04/3891386121261.jpg', 'jpg', '1', '62791', '1386121261', '1'), ('62', '11', '1', '1', '83981386121261.jpg', '', 'upload/Content/2013/12/04/83981386121261.jpg', 'jpg', '1', '60138', '1386121261', '1'), ('63', '11', '1', '1', '84121386121262.jpg', '', 'upload/Content/2013/12/04/84121386121262.jpg', 'jpg', '1', '63243', '1386121262', '1'), ('64', '11', '1', '1', '61981386121262.jpg', '', 'upload/Content/2013/12/04/61981386121262.jpg', 'jpg', '1', '80783', '1386121262', '1'), ('65', '11', '1', '1', '48271386121263.jpg', '', 'upload/Content/2013/12/04/48271386121263.jpg', 'jpg', '1', '52776', '1386121263', '1'), ('66', '11', '1', '1', '43081386121264.jpg', '', 'upload/Content/2013/12/04/43081386121264.jpg', 'jpg', '1', '34186', '1386121264', '1'), ('67', '11', '1', '1', '3581386121264.jpg', '', 'upload/Content/2013/12/04/3581386121264.jpg', 'jpg', '1', '46760', '1386121264', '1'), ('68', '12', '1', '1', '40301386121284.png', '', 'upload/Content/2013/12/04/40301386121284.png', 'png', '1', '36751', '1386121284', '1'), ('69', '12', '1', '1', '4531386121286.png', '', 'upload/Content/2013/12/04/4531386121286.png', 'png', '1', '36751', '1386121286', '1'), ('70', '12', '1', '1', '52641386121290.png', '', 'upload/Content/2013/12/04/52641386121290.png', 'png', '1', '461795', '1386121290', '1'), ('71', '12', '1', '1', '97921386121290.png', '', 'upload/Content/2013/12/04/97921386121290.png', 'png', '1', '122028', '1386121290', '1'), ('72', '12', '1', '1', '61601386121291.png', '', 'upload/Content/2013/12/04/61601386121291.png', 'png', '1', '126063', '1386121291', '1'), ('73', '13', '1', '1', '40491386121309.jpg', '', 'upload/Content/2013/12/04/40491386121309.jpg', 'jpg', '1', '137259', '1386121309', '1'), ('74', '13', '1', '1', '22991386121310.jpg', '', 'upload/Content/2013/12/04/22991386121310.jpg', 'jpg', '1', '137259', '1386121310', '1'), ('75', '13', '1', '1', '51501386121311.jpg', '', 'upload/Content/2013/12/04/51501386121311.jpg', 'jpg', '1', '168689', '1386121311', '1'), ('76', '13', '1', '1', '79131386121312.jpg', '', 'upload/Content/2013/12/04/79131386121312.jpg', 'jpg', '1', '202749', '1386121312', '1'), ('77', '13', '1', '1', '41451386121313.jpg', '', 'upload/Content/2013/12/04/41451386121313.jpg', 'jpg', '1', '200936', '1386121313', '1'), ('78', '13', '1', '1', '74181386121315.jpg', '', 'upload/Content/2013/12/04/74181386121315.jpg', 'jpg', '1', '222734', '1386121315', '1'), ('79', '13', '1', '1', '70851386121316.jpg', '', 'upload/Content/2013/12/04/70851386121316.jpg', 'jpg', '1', '151823', '1386121316', '1'), ('80', '14', '1', '1', '16681386121339.png', '', 'upload/Content/2013/12/04/16681386121339.png', 'png', '1', '201672', '1386121339', '1'), ('81', '14', '1', '1', '27221386121340.png', '', 'upload/Content/2013/12/04/27221386121340.png', 'png', '1', '201672', '1386121340', '1'), ('82', '14', '1', '1', '37611386121340.png', '', 'upload/Content/2013/12/04/37611386121340.png', 'png', '1', '36325', '1386121340', '1'), ('83', '14', '1', '1', '73281386121341.png', '', 'upload/Content/2013/12/04/73281386121341.png', 'png', '1', '54363', '1386121341', '1'), ('84', '14', '1', '1', '50001386121341.png', '', 'upload/Content/2013/12/04/50001386121341.png', 'png', '1', '279412', '1386121341', '1'), ('85', '14', '1', '1', '79071386121342.png', '', 'upload/Content/2013/12/04/79071386121342.png', 'png', '1', '196873', '1386121342', '1'), ('86', '14', '1', '1', '29691386121343.png', '', 'upload/Content/2013/12/04/29691386121343.png', 'png', '1', '172485', '1386121343', '1'), ('87', '14', '1', '1', '31761386121344.png', '', 'upload/Content/2013/12/04/31761386121344.png', 'png', '1', '133194', '1386121344', '1'), ('88', '14', '1', '1', '68961386121344.png', '', 'upload/Content/2013/12/04/68961386121344.png', 'png', '1', '162636', '1386121344', '1'), ('89', '15', '1', '1', '30491386121364.jpg', '', 'upload/Content/2013/12/04/30491386121364.jpg', 'jpg', '1', '215026', '1386121364', '1'), ('90', '15', '1', '1', '96231386121365.jpg', '', 'upload/Content/2013/12/04/96231386121365.jpg', 'jpg', '1', '215026', '1386121365', '1'), ('91', '15', '1', '1', '35211386121366.jpg', '', 'upload/Content/2013/12/04/35211386121366.jpg', 'jpg', '1', '133758', '1386121366', '1'), ('92', '15', '1', '1', '17921386121367.jpg', '', 'upload/Content/2013/12/04/17921386121367.jpg', 'jpg', '1', '117658', '1386121367', '1'), ('93', '15', '1', '1', '14481386121367.jpg', '', 'upload/Content/2013/12/04/14481386121367.jpg', 'jpg', '1', '77536', '1386121367', '1'), ('94', '15', '1', '1', '36941386121368.jpg', '', 'upload/Content/2013/12/04/36941386121368.jpg', 'jpg', '1', '187011', '1386121368', '1'), ('95', '15', '1', '1', '93911386121370.png', '', 'upload/Content/2013/12/04/93911386121370.png', 'png', '1', '465645', '1386121370', '1'), ('96', '15', '1', '1', '53581386121370.png', '', 'upload/Content/2013/12/04/53581386121370.png', 'png', '1', '284482', '1386121370', '1');
COMMIT;

-- ----------------------------
--  Table structure for `hd_user`
-- ----------------------------
DROP TABLE IF EXISTS `hd_user`;
CREATE TABLE `hd_user` (
  `uid` int(10) unsigned NOT NULL AUTO_INCREMENT,
  `username` char(30) NOT NULL DEFAULT '',
  `password` char(40) NOT NULL DEFAULT '',
  `email` char(30) NOT NULL DEFAULT '' COMMENT '邮箱',
  `logintime` int(10) unsigned NOT NULL DEFAULT '0' COMMENT '登录时间',
  `ip` char(15) NOT NULL DEFAULT '' COMMENT '登录IP',
  `realname` char(30) NOT NULL DEFAULT '' COMMENT '真实姓名',
  `status` tinyint(1) NOT NULL DEFAULT '1' COMMENT '1 正常  2 锁定',
  `qq` char(20) NOT NULL DEFAULT '' COMMENT 'qq号码',
  `sex` tinyint(1) NOT NULL DEFAULT '1' COMMENT '1 男 2 女',
  `favicon` varchar(255) NOT NULL DEFAULT '' COMMENT '头像',
  `credits` int(10) unsigned NOT NULL DEFAULT '0' COMMENT '用户积分',
  `rid` smallint(5) unsigned NOT NULL DEFAULT '0' COMMENT '角色id',
  `gid` smallint(6) NOT NULL COMMENT '会员组',
  PRIMARY KEY (`uid`),
  UNIQUE KEY `username` (`username`) USING BTREE,
  KEY `password` (`password`),
  KEY `credits` (`credits`)
) ENGINE=MyISAM AUTO_INCREMENT=2 DEFAULT CHARSET=utf8;

-- ----------------------------
--  Records of `hd_user`
-- ----------------------------
BEGIN;
INSERT INTO `hd_user` VALUES ('1', 'admin', '7fef6171469e80d32c0559f88b377245', 'houdunwangxj@gmail.com', '1386143326', '0.0.0.0', '后盾向军', '1', '2300071698', '1', '', '0', '1', '1');
COMMIT;

SET FOREIGN_KEY_CHECKS = 1;
